search_type,platform,handle,similar_username,url,confidence,title,bio,display_name,user_id,verified,status,aliases
exact,Dumpor,,,https://dumpor.com/v/UTTP,100,UTTP  Watch instagram stories and profile anonymous,View latest posts and stories by @UTTP in Instagram.,UTTP  Watch instagram stories and profile anonymous,,,200,
exact,Streamlabs Design,,,https://streamlabs.com/UTTP,100,uttp / Streamlabs,uttp&#039;s official website powered by Streamlabs,uttp / Streamlabs,,,200,
exact,CivitAI,,,https://civitai.com/user/UTTP,100,UTTP Creator Profile | Civitai,Learn more about UTTP on Civitai.,UTTP Creator Profile | Civitai,,,200,
exact,Pastebin,,,https://pastebin.com/u/UTTP,100,UTTP&#039;s Pastebin - Pastebin.com,Pastebin.com is the number one paste tool since 2002. Pastebin is a website where you can store text online for a set period of time.,UTTP&#039;s Pastebin - Pastebin.com,,,200,
exact,Rentry,,,https://rentry.co/UTTP,100,Uttp dni /collection-,Rentry - Markdown Paste Service,Uttp dni /collection-,,,200,
exact,Pages,,,https://UTTP.pages.dev,100,UTTP – Uşak Tüm Tazminatlar Portalı,,,,,200,
exact,DeviantArt,,,https://www.deviantart.com/UTTP,100,UTTP on DeviantArt,UTTP is an artist on DeviantArt.  · Artworks: 0 · Followers: 43 · Likes: 0,UTTP on DeviantArt,,,200,
exact,SoundCloud,,,https://soundcloud.com/uttp,100,"Stream uttp music | Listen to songs, albums, playlists for free on SoundCloud",Listen to uttp | SoundCloud is an audio platform that lets you listen to what you love and share the sounds you create.,uttp,38401300,,200,
exact,Picuki,,,https://www.tikvib.com/profile/UTTP,100,'@uttp Youcef Abdel view and download public TikTok videos and stories - Tikvib.com,View and download @uttp Youcef Abdel public TikTok videos and stories without watermark in mp4 or mp3 format,'@uttp Youcef Abdel view and download public TikTok videos and stories - Tikvib.com,,,200,
exact,Minecraftlist,,,https://minecraftlist.com/players/UTTP,100,"UTTP&#x27;s Minecraft Profile — Servers Played, Skin &amp; Activity | Minecraft List","UTTP has been seen on 0 Minecraft servers (0 sightings since 2015). See UTTP&#x27;s full server history, skin, and activity.",UTTP - Minecraft Player Profile | Minecraft List,,,200,
exact,Cults3D,,,https://cults3d.com/en/users/UTTP,100,UTTP follows 1 user・Cults,,UTTP,,,200,
exact,SoundCloud,,,https://soundcloud.com/UTTP,100,"Stream uttp music | Listen to songs, albums, playlists for free on SoundCloud",Listen to uttp | SoundCloud is an audio platform that lets you listen to what you love and share the sounds you create.,uttp,38401300,,200,
exact,Vimeo,,,https://vimeo.com/UTTP,100,UTTP,"UTTP is a member of Vimeo, the home for high quality videos and the people who love them.",UTTP,,,200,
exact,Xbox,,,https://www.xbox.com/en-US/play/user/UTTP,100,View UTTP&#x27;s profile | Xbox Cloud Gaming on  Xbox.com,Play games with your friends with Xbox Cloud Gaming!,View UTTP&#x27;s profile | Xbox Cloud Gaming on Xbox.com,,,200,
exact,Chess.com,,,https://www.chess.com/member/UTTP,100,uttp - Chess Profile - Chess.com,"Discover the online chess profile of uttp at Chess.com. See their chess rating, follow their best games, and challenge them to play a game.",uttp - Chess Profile,,,200,
exact,Disqus,,,https://disqus.com/UTTP,100,Disqus Profile - uttp,,Disqus Profile - uttp,,,200,
exact,Pokemon Showdown,,,https://pokemonshowdown.com/users/UTTP,100,UTTP - Users - Pok&eacute;mon Showdown,,UTTP,,,200,
exact,GETTR,,,https://gettr.com/user/UTTP,100,UTTP on GETTR - Profile and Posts,"Visit UTTP&#39;s profile on GETTR. View their posts, photos, videos, and connect with them on the social platform.",UTTP on GETTR - Profile and Posts,,,200,
exact,Codecademy,,,https://www.codecademy.com/profiles/UTTP,100,UTTP&#x27;s profile | Codecademy,Codecademy profile page for UTTP,UTTP&#x27;s profile | Codecademy,,,200,
exact,Trovo,,,https://trovo.live/s/UTTP,100,UTTP,Chill and friendly place!,UTTP,,,200,
exact,Giphy,,,https://giphy.com/UTTP,100,Uttp GIFs - Find &amp; Share on GIPHY,"GIPHY animates your world. Find Uttp GIFs that make your conversations more positive, more expressive, and more you.",Uttp GIFs - Find &amp; Share on GIPHY,,,200,
exact,ImgInn,,,https://imginn.com/UTTP/,100,"Enzo(@uttp)  View Instagram Profile, Stories &#38; Posts Anonymously - Imginn","19 Followers, 5 Following, undefined Posts","Enzo(@uttp)  View Instagram Profile, Stories &#38; Posts Anonymously - Imginn",,,200,
exact,Coders Rank,,,https://profile.codersrank.io/user/UTTP/,100,UTTP&#x27;s CodersRank profile,"Measure your skills and knowledge, compare them to market and find a personalized way to grow.",,,,200,
exact,Carrd.co,,,https://UTTP.carrd.co,100,UTTP Official Website,Test,UTTP Official Website,,,200,
exact,Tenor.com,,,https://tenor.com/users/UTTP,100,uttp&#039;s GIFs on Tenor,,uttp&#039;s GIFs on Tenor,7958682,,200,
exact,wikizilla.org,,,https://wikizilla.org/wiki/User:UTTP,100,"User:UTTP | Wikizilla, the kaiju encyclopedia",,User:UTTP,,,200,
exact,Shelf,,,https://www.shelf.im/UTTP,100,UTTP on Shelf,shelf.im/UTTP,"follow me on Shelf for my music, watching and reading recs",,,200,
exact,Dota2,,,https://dota2.ru/forum/search?type=user&keywords=UTTP&sort_by=username,100,"Результаты поиска по запросу ""UTTP""",Результаты поиска по запросу,Результаты поиска по запросу,,,200,
exact,Pornhub,,,https://pornhub.com/users/UTTP,100,uttp&#039;s Profile - Pornhub.com,,,,,200,
exact,CashApp,,,https://cash.app/UTTP,100,Pay $uttp on Cash App,Instantly exchange money for free on Cash App,Pay me on Cash App,,,200,
exact,CashApp,,,https://cash.app/$UTTP,100,Pay $uttp on Cash App,Instantly exchange money for free on Cash App,Pay me on Cash App,,,200,
exact,BuiltWith,,,https://builtwith.com/UTTP,100,Search results for UTTP,,,,,200,
exact,Tumblr Blog,,,https://UTTP.tumblr.com/,100,'@uttp on Tumblr,Follow @uttp and get more of the good stuff by joining Tumblr today. Dive in!,Untitled,,,200,
exact,Ethereum Name Service,,,https://app.ens.domains/UTTP.eth,100,uttp.eth on ENS,uttp.eth's profile on the Ethereum Name Service,uttp.eth on ENS,,,200,
exact,Cloudflare,,,https://UTTP.pages.dev/,100,UTTP – Uşak Tüm Tazminatlar Portalı,,,,,200,
exact,Stacker News,,,https://stacker.news/user/UTTP,100,user/UTTP \ stacker news,'@user has [0 items],user/UTTP \ stacker news,,,200,
exact,Subscan,,,https://polkadot.subscan.io/account/UTTP,100,Subscan | Polkadot Account Details,Polkadot Account: UTTP. View detailed account information and activity.,Subscan | Polkadot Account Details,,,200,
exact,Kusama Subscan,,,https://kusama.subscan.io/account/UTTP,100,Subscan | Kusama Account Details,Kusama Account: UTTP. View detailed account information and activity.,Subscan | Kusama Account Details,,,200,
exact,Cent,,,https://beta.cent.co/UTTP,100,/UTTP,,,,,200,
exact,Strava Clubs,,,https://www.strava.com/clubs/UTTP,100,UTTP Ultra Trail Training Partners | Strava,Log in to see UTTP Ultra Trail Training Partners,UTTP Ultra Trail Training Partners | Strava,,,200,
exact,Google Cache,,,https://webcache.googleusercontent.com/search?q=cache:UTTP,100,cache:UTTP - Google Suche,,,,,200,
exact,ThePiBay,,,https://thepibay.site/user/UTTP/,100,UTTP - TPB,,,,,200,
exact,amp.flipboard.com,,,https://amp.flipboard.com/@UTTP,100,Farouk (@uttp) on Flipboard,Follow uttp to see stories curated to collections like on Flipboard.,Farouk,,,200,
exact,Ccm,,,https://ccm.net/profile/user/UTTP,100,uttp's profile - CCM,,,,,200,
exact,xHamster,,,https://xhamster.com/users/UTTP,100,"Uttp&#039;s porn videos and reels, nude photos and bio on xHamster",,,168475069,,200,
exact,TheSimsResource,,,https://www.thesimsresource.com/members/UTTP/,100,The Sims Resource | UTTP,,The Sims Resource,,,200,
exact,CashMe,,,https://cash.me/$UTTP,100,Pay $uttp on Cash App,Instantly exchange money for free on Cash App,Pay me on Cash App,,,200,
exact,LiveTrack24,,,https://www.livetrack24.com/user/UTTP,100,LiveTrack24 | User - UTTP,,,,,200,
exact,Bestweapon,,,https://bestweapon.ru/author.php?author=UTTP,100,UTTP,UTTP  Bestweapon,", , , UTTP",,,200,
exact,Cults3d,,,https://cults3d.com/en/users/UTTP/creations,100,All the 3D models of UTTP・Cults,,UTTP,,,200,
exact,Eporner,,,https://www.eporner.com/profile/UTTP/,100,UTTP profile - EPORNER: HD Porn Tube,"See UTTP's porn videos on official profile at Eporner. Check out the best videos, photos, gifs and playlists from UTTP. Browse through the all content and activity of this user.",UTTP profile - EPORNER: HD Porn Tube,,,200,
exact,v2ex.com,,,https://v2ex.com/member/UTTP,100,V2EX › uttp,,uttp,,,200,
exact,instaprofi.ru,,,https://instaprofi.ru/profile/UTTP,100,UTTP истории и профиль Инстаграм* анонимно - скачать сторис или пост без регистрации,,,,,200,
exact,Fragment,,,https://fragment.com/username/UTTP,100,uttp – Fragment,Get the username @uttp on Telegram and secure your ownership on the blockchain.,Buy @uttp,,,200,
exact,MirTesen,,,https://mirtesen.ru/people/UTTP/profile,100,Поиск: UTTP,"Тематические каналы и сообщества, личные сообщения и чаты, лента рекомендаций и стены друзей, официальный мессенджер, собственные сайты и подписчики, эксклюзив от редакции ГлагоL",Поиск: UTTP,,,200,
exact,SmiHub,,,https://smihub.com/v/UTTP,100,UTTP  Watch instagram stories and profile anonymous,View latest posts and stories by @UTTP in Instagram.,UTTP  Watch instagram stories and profile anonymous,,,200,
exact,forum.cxem.net,,,https://forum.cxem.net/index.php?/search/&q=UTTP&quick=1&type=core_members,100,Searched for 'UTTP' in Members - Форум по радиоэлектронике,,Search the Community,,,200,
exact,stripchat.global,,,https://stripchat.global/UTTP,100,UTTP: Profile | Stripchat Global,Free Live Sex Cams and full-screen Adult Video Chat with 1000's of beautiful Webcam Girls & Boys performing their best Sex Shows 24/7 on Stripchat Global,UTTP: Profile,,,200,
exact,autotob.ru,,,https://UTTP.autotob.ru,100,Uttp.autotob.ru,,Uttp.autotob.ru,,,200,
exact,Blur,,,https://blur.io/UTTP,95,,"Sweep NFTs across multiple marketplaces, snipe reveals faster than others, and manage your portfolio with advanced analytics. Zero fees.",Fastest NFT Marketplace for Pro Traders,,,200,
exact,YouTube,,,https://www.youtube.com/user/UTTP,80,,,,,,200,
exact,Artpersona,,,http://artpersona.org/cb/userprofile/UTTP,80,Профиль,,,,,200,
exact,OP.GG LoL Phillippines,,,https://op.gg/lol/summoners/search?q=UTTP&region=ph,80,OP.GG - The Best LoL Builds and Tier List. Search Riot ID and Tagline for Stats,"The Best LoL Champion Builds and Player Stats by OP.GG - Learn champion builds, runes, and counters. Search Riot ID and Tagline for stats of all game modes.",OP.GG - The Best LoL Builds and Tier List. Search Riot ID and Tagline for Stats,,,200,
exact,Viber,,,https://viber.com/UTTP,80,Viber Account Page,,,,,200,
exact,Something Awful,,,https://forums.somethingawful.com/member.php?u=UTTP,80,Something happened - The Something Awful Forums,,,,,200,
exact,Etherscan,,,https://etherscan.io/address/UTTP,80,Ethereum Account (Invalid Address),,,,,200,
exact,PayPal,,,https://paypal.me/UTTP,80,PayPal.Me,Ga naar paypal.me/uttp en voer het bedrag in. En met PayPal weet je zeker dat het gemakkelijk en veiliger is. Heb je geen PayPal-rekening? Geen probleem.,Betalen G w e r h met PayPal.Me,,,200,
exact,Strava,,,https://www.strava.com/athletes/UTTP,80,Pongsathon Utt | Strava Athlete Profile,"Pongsathon Utt is an athlete using Strava. Join Strava to track your activities, analyze your performance, and follow friends. Strava members can plan routes, participate in motivating challenges, and",Pongsathon Utt | Strava Athlete Profile,,,200,
exact,OP.GG LoL Thailand,,,https://op.gg/lol/summoners/search?q=UTTP&region=th,80,OP.GG - The Best LoL Builds and Tier List. Search Riot ID and Tagline for Stats,"The Best LoL Champion Builds and Player Stats by OP.GG - Learn champion builds, runes, and counters. Search Riot ID and Tagline for stats of all game modes.",OP.GG - The Best LoL Builds and Tier List. Search Riot ID and Tagline for Stats,,,200,
exact,Life of Pix,,,https://www.lifeofpix.com/UTTP,80,Life of Pix,"Free high resolution photography. Share and download images freely. Search for pictures by color or format. Photographers, get an account now !",,,,200,
exact,Weebly,,,https://UTTP.weebly.com,80,FASILITASI PELAYANAN TERA  TERA ULANG SPBU (Stasiun pengisian bahan bakar umum) - Home,FASILITASI PELAYANAN TERA  TERA ULANG SPBU (Stasiun pengisian bahan bakar umum),FASILITASI PELAYANAN TERA  TERA ULANG SPBU,,,200,
exact,Strikingly,,,https://UTTP.mystrikingly.com,80,Taugresanun1986's Site on Strikingly,,,,,200,
exact,Audible,,,https://www.audible.com/member/UTTP,80,"Audible | Höre Hörbücher, Hörspiele und Podcasts jederzeit",,Audible,,,200,
exact,Google Scholar,,,https://scholar.google.com/citations?user=UTTP,80,,,,,,200,
exact,Google Flights,,,https://www.google.com/travel/flights/UTTP,80,,,,,,200,
exact,Anchor,,,https://anchor.fm/UTTP,80,"Under the table : Sydcarmy Podcast 
 • A podcast on Spotify for Creators",A podcast made by Sydcarmy Truthers for Sydcarmy Truthers,"Under the table : Sydcarmy Podcast 
 • A podcast on Spotify for Creators",41976533,,200,
exact,Steam,,,https://steamcommunity.com/id/UTTP,80,Steam Community :: b25,,Steam Community :: b25,76561199705198586,,200,
exact,Mapillary,,,https://www.mapillary.com/UTTP,80,Mapillary,"Street-level imagery, powered by collaboration and computer vision.",Mapillary,,,200,
exact,LinkedIn,,,https://www.linkedin.com/in/UTTP,80,,,,,,200,
exact,Hacker News (Posted),,,https://news.ycombinator.com/submitted?id=UTTP,80,,,,,,200,
exact,Amino,,,https://aminoapps.com/u/UTTP,80,,,,,,200,
exact,Qzone,,,https://qzone.qq.com/UTTP,80,,,,,,200,
exact,Kuaishou,,,https://www.kuaishou.com/profile/UTTP,80,Welcome To Zscaler Directory Authentication,,,,,200,
exact,Polywork,,,https://www.polywork.com/UTTP,80,,,,,,200,
exact,Archive.orgParlerPosts,,,http://archive.org/wayback/available?url=https://parler.com/profile/UTTP/posts,80,,,,,,200,
exact,Dribbble,,,https://dribbble.com/UTTP,80,,,,,,200,
exact,Spotify,,,https://open.spotify.com/user/UTTP,80,,,,,,200,
exact,Threads,,,https://www.threads.net/@UTTP,80,,,,,,200,
exact,Fly.io,,,https://UTTP.fly.dev,80,,,,,,200,
exact,Vampr,,,https://vampr.io/UTTP,80,,,,,,200,
exact,Smashcast,,,https://smashcast.tv/UTTP,80,,,,,,200,
exact,Niftygateway,,,https://niftygateway.com/profile/UTTP,80,,,,,,200,
exact,Steam (by id),,,https://steamcommunity.com/profiles/uttp,80,Steam Community :: Error,,Steam Community :: Error,,,200,
exact,Steam,,,https://steamcommunity.com/id/uttp,80,Steam Community :: b25,,Steam Community :: b25,76561199705198586,,200,
exact,Bluesky,,,https://bsky.app/profile/UTTP,80,,,,,,200,
exact,Zhihu,,,https://www.zhihu.com/people/UTTP,80,,,,,,200,
exact,Minecraft Forum,,,https://www.minecraftforum.com/members/UTTP,80,,,,,,200,
exact,Nextcloud Talk,,,https://talk.nextcloud.com/UTTP,80,,,,,,200,
exact,Warzone,,,https://warzone.tracker.gg/profile/UTTP,80,,,,,,200,
exact,Pixiv,,,https://www.pixiv.net/users/UTTP,80,Welcome To Zscaler Directory Authentication,,,,,200,
exact,Maga-Chat,,,https://maga-chat.com/UTTP,80,,,,,,200,
exact,NuGet,,,https://www.nuget.org/profiles/UTTP,80,Welcome To Zscaler Directory Authentication,,,,,200,
exact,Neopets,,,https://www.neopets.com/userlookup.phtml?user=UTTP,80,Welcome To Zscaler Directory Authentication,,,,,200,
exact,Bluesky,,,https://bsky.app/profile/UTTP.bsky.social,80,,,,,,200,
exact,Roblox,,,https://www.roblox.com/user.aspx?username=UTTP,80,Welcome To Zscaler Directory Authentication,,,,,200,
exact,3DMir.ru,,,http://www.3dmir.ru/UTTP,80,,,,,,200,
exact,Chef Supermarket,,,https://supermarket.chef.io/users/UTTP,80,Welcome To Zscaler Directory Authentication,,,,,200,
exact,Make:,,,https://makezine.com/UTTP,80,This is not the page you&#039;re looking for... | Make: DIY Projects and Ideas for Makers,"RoboCup&#039;s humanoids have played their first 11-a-side match. This October, some of the same problems — balance, vision, autonomy and plenty of debugging —",Robot Football Is Getting Serious At Maker Faire Rome - Make:,,,200,
exact,Trakt,,,https://trakt.tv/users/UTTP,80,Welcome To Zscaler Directory Authentication,,,,,200,
exact,Toutiao,,,https://www.toutiao.com/c/user/UTTP,80,Welcome To Zscaler Directory Authentication,,,,,200,
exact,Ubisoft Club,,,https://club.ubisoft.com/profile/UTTP,80,Welcome To Zscaler Directory Authentication,,,,,200,
exact,GameDev,,,https://www.gamedev.net/profile/UTTP/,80,Welcome To Zscaler Directory Authentication,,,,,200,
exact,SoFurry,,,https://www.sofurry.com/user/UTTP,80,Welcome To Zscaler Directory Authentication,,,,,200,
exact,Steam (by id),,,https://steamcommunity.com/profiles/UTTP,80,Steam Community :: Error,,Steam Community :: Error,,,200,
exact,Steam (Group),,,https://steamcommunity.com/groups/UTTP,80,Steam Community :: Group :: Under the Tree People,Alfreds are the best!,Steam Community :: Group :: Under the Tree People,,,200,
exact,Replit,,,https://replit.com/@UTTP,80,Sign Up - Replit,Build and deploy software collaboratively with the power of AI without spending a second on setup.,Sign Up,,,200,
exact,YouTube (Channel),,,https://www.youtube.com/@UTTP,80,,,,,,200,
exact,linktr.ee,,,https://linktr.ee/UTTP,80,Engine Parts | Linktree,Universe of Truck &amp; Trailer Parts offers you products such as engine parts and c,Engine Parts | Linktree,,,200,
exact,RuneScape,,,https://secure.runescape.com/m=hiscore_oldschool/overall?user1=UTTP,80,Old School  Hiscores,"If you're a RuneScape veteran hungry for nostalgia, get stuck right in to Old School RuneScape. Sign up for membership and re-live the adventure.",Old School  Hiscores,,,200,
exact,Pixelfed,,,https://pixelfed.org/UTTP,80,Pixelfed - Decentralized social media,"Learn more about Pixelfed, the free and open-source decentralized photo sharing social media platform",Pixelfed - Decentralized social media,,,200,
exact,Nextdoor,,,https://nextdoor.com/profile/UTTP,80,Welcome To Zscaler Directory Authentication,,,,,200,
exact,Tidal,,,https://tidal.com/browse/user/UTTP,80,Welcome To Zscaler Directory Authentication,,,,,200,
exact,AniList,,,https://anilist.co/user/UTTP,80,Welcome To Zscaler Directory Authentication,,,,,200,
exact,StackOverflow,,,https://stackoverflow.com/users/filter?search=UTTP,80,,,,,,200,
exact,Mixcloud,,,https://www.mixcloud.com/UTTP/,80,Mixcloud - This is Audio Culture,,Mixcloud,,,200,
exact,Bandcamp Labels,,,https://UTTP.bandcamp.com/,80,Signup | Bandcamp,,,,,200,
exact,Fur Affinity,,,https://www.furaffinity.net/gallery/UTTP,80,Artwork Gallery -- Fur Affinity [dot] net,,,,,200,
exact,Paltalk,,,https://www.paltalk.com/people/users/UTTP,80,Chat Room Member on Paltalk,"Chat sites, People meeting people",Chat Room Member on Paltalk,,,200,
exact,ChaturBate,,,https://chaturbate.com/UTTP/,80,,,,,,200,
exact,GaiaOnline,,,https://www.gaiaonline.com/profiles/UTTP,80,General Error | Gaia Online,,Welcome to Gaia! :: General Error,,,200,
exact,Old-games,,,https://www.old-games.ru/forum/members/?username=UTTP,80,Выдающиеся пользователи | Форум Old-Games.RU. Всё о старых играх,,Выдающиеся пользователи,,,200,
exact,CSSBattle,,,https://cssbattle.dev/player/UTTP,80,CSSBattle,The funnest CSS game for web designers &amp; developers,CSSBattle,,,200,
exact,YouNow,,,https://www.younow.com/UTTP/,80,YouNow,Join chat rooms and go live! YouNow is a free live streaming service where you can watch live streams and make friends.,"YouNow - Live Stream, Chat Rooms Online",,,200,
exact,Tumblr,,,https://www.tumblr.com/blog/UTTP,80,Register - Login,"Tumblr is the place you go to be yourself on the internet. No performance, no perfection. Just you, and the people who get it.",Register - Login,,,200,
exact,Dice,,,https://www.dice.com/profile/UTTP,80,Login to Your Dice Account or Register Today for an Account | Dice.com,,,,,200,
exact,TopCoder,,,https://www.topcoder.com/members/UTTP,80,Topcoder,"Topcoder is a crowdsourcing marketplace that connects businesses with hard-to-find expertise. The Topcoder Community includes more than one million of the world’s top designers, developers, data scien",Topcoder,,,200,
exact,Root-Me,,,https://www.root-me.org/UTTP,80,Making sure you&#39;re not a bot!,,Making sure you&#39;re not a bot!,,,200,
exact,Bandcamp,,,https://UTTP.bandcamp.com,80,Signup | Bandcamp,,,,,200,
exact,YouTube Music,,,https://music.youtube.com/UTTP,80,,,,,,200,
exact,Odysee,,,https://odysee.com/@UTTP,80,Under the Tower Productions,"Under the Tower Productions provides services for your personal or business needs. We collaborate with you to tell your story and grow your brand. Virtual/augmented Reality, short/featured films, docu",Under the Tower Productions,,,200,
exact,Kick,,,https://kick.com/UTTP,80,,,,,,200,
exact,Unity Asset Store,,,https://assetstore.unity.com/publishers/UTTP,80,The Best Assets for Game Making | Unity Asset Store,"Discover the best assets for game making. Choose from our massive catalog of 2D, 3D models, SDKs, templates, and tools to speed up your game development.",Unity Asset Store,,,200,
exact,Coddy,,,https://coddy.tech/user/UTTP,80,,,,,,200,
exact,Arhrock,,,https://arhrock.info/forum/members/?username=UTTP,80,Выдающиеся пользователи | ArhRock Forum,,Выдающиеся пользователи,,,200,
exact,Mcuuid,,,https://playerdb.co/api/player/minecraft/UTTP,80,,,,,,200,
exact,Radiomed,,,https://radiomed.ru/users/UTTP,80,Поиск | Портал радиологов,,,,,200,
exact,OP.GG LoL Brazil,,,https://op.gg/lol/summoners/search?q=UTTP&region=br,80,OP.GG - The Best LoL Builds and Tier List. Search Riot ID and Tagline for Stats,"The Best LoL Champion Builds and Player Stats by OP.GG - Learn champion builds, runes, and counters. Search Riot ID and Tagline for stats of all game modes.",OP.GG - The Best LoL Builds and Tier List. Search Riot ID and Tagline for Stats,,,200,
exact,OP.GG LoL North America,,,https://op.gg/lol/summoners/search?q=UTTP&region=na,80,OP.GG - The Best LoL Builds and Tier List. Search Riot ID and Tagline for Stats,"The Best LoL Champion Builds and Player Stats by OP.GG - Learn champion builds, runes, and counters. Search Riot ID and Tagline for stats of all game modes.",OP.GG - The Best LoL Builds and Tier List. Search Riot ID and Tagline for Stats,,,200,
exact,OP.GG LoL Middle East,,,https://op.gg/lol/summoners/search?q=UTTP&region=me,80,OP.GG - The Best LoL Builds and Tier List. Search Riot ID and Tagline for Stats,"The Best LoL Champion Builds and Player Stats by OP.GG - Learn champion builds, runes, and counters. Search Riot ID and Tagline for stats of all game modes.",OP.GG - The Best LoL Builds and Tier List. Search Riot ID and Tagline for Stats,,,200,
exact,OP.GG LoL Europe Nordic & East,,,https://op.gg/lol/summoners/search?q=UTTP&region=eune,80,OP.GG - The Best LoL Builds and Tier List. Search Riot ID and Tagline for Stats,"The Best LoL Champion Builds and Player Stats by OP.GG - Learn champion builds, runes, and counters. Search Riot ID and Tagline for stats of all game modes.",OP.GG - The Best LoL Builds and Tier List. Search Riot ID and Tagline for Stats,,,200,
exact,OP.GG LoL Europe West,,,https://op.gg/lol/summoners/search?q=UTTP&region=euw,80,OP.GG - The Best LoL Builds and Tier List. Search Riot ID and Tagline for Stats,"The Best LoL Champion Builds and Player Stats by OP.GG - Learn champion builds, runes, and counters. Search Riot ID and Tagline for stats of all game modes.",OP.GG - The Best LoL Builds and Tier List. Search Riot ID and Tagline for Stats,,,200,
exact,OP.GG LoL Oceania,,,https://op.gg/lol/summoners/search?q=UTTP&region=oce,80,OP.GG - The Best LoL Builds and Tier List. Search Riot ID and Tagline for Stats,"The Best LoL Champion Builds and Player Stats by OP.GG - Learn champion builds, runes, and counters. Search Riot ID and Tagline for stats of all game modes.",OP.GG - The Best LoL Builds and Tier List. Search Riot ID and Tagline for Stats,,,200,
exact,OP.GG LoL Korea,,,https://op.gg/lol/summoners/search?q=UTTP&region=kr,80,OP.GG - The Best LoL Builds and Tier List. Search Riot ID and Tagline for Stats,"The Best LoL Champion Builds and Player Stats by OP.GG - Learn champion builds, runes, and counters. Search Riot ID and Tagline for stats of all game modes.",OP.GG - The Best LoL Builds and Tier List. Search Riot ID and Tagline for Stats,,,200,
exact,OP.GG LoL Japan,,,https://op.gg/lol/summoners/search?q=UTTP&region=jp,80,OP.GG - The Best LoL Builds and Tier List. Search Riot ID and Tagline for Stats,"The Best LoL Champion Builds and Player Stats by OP.GG - Learn champion builds, runes, and counters. Search Riot ID and Tagline for stats of all game modes.",OP.GG - The Best LoL Builds and Tier List. Search Riot ID and Tagline for Stats,,,200,
exact,OP.GG LoL LAS,,,https://op.gg/lol/summoners/search?q=UTTP&region=las,80,OP.GG - The Best LoL Builds and Tier List. Search Riot ID and Tagline for Stats,"The Best LoL Champion Builds and Player Stats by OP.GG - Learn champion builds, runes, and counters. Search Riot ID and Tagline for stats of all game modes.",OP.GG - The Best LoL Builds and Tier List. Search Riot ID and Tagline for Stats,,,200,
exact,OP.GG LoL LAN,,,https://op.gg/lol/summoners/search?q=UTTP&region=lan,80,OP.GG - The Best LoL Builds and Tier List. Search Riot ID and Tagline for Stats,"The Best LoL Champion Builds and Player Stats by OP.GG - Learn champion builds, runes, and counters. Search Riot ID and Tagline for stats of all game modes.",OP.GG - The Best LoL Builds and Tier List. Search Riot ID and Tagline for Stats,,,200,
exact,OP.GG LoL Russia,,,https://op.gg/lol/summoners/search?q=UTTP&region=ru,80,OP.GG - The Best LoL Builds and Tier List. Search Riot ID and Tagline for Stats,"The Best LoL Champion Builds and Player Stats by OP.GG - Learn champion builds, runes, and counters. Search Riot ID and Tagline for stats of all game modes.",OP.GG - The Best LoL Builds and Tier List. Search Riot ID and Tagline for Stats,,,200,
exact,OP.GG LoL Turkey,,,https://op.gg/lol/summoners/search?q=UTTP&region=tr,80,OP.GG - The Best LoL Builds and Tier List. Search Riot ID and Tagline for Stats,"The Best LoL Champion Builds and Player Stats by OP.GG - Learn champion builds, runes, and counters. Search Riot ID and Tagline for stats of all game modes.",OP.GG - The Best LoL Builds and Tier List. Search Riot ID and Tagline for Stats,,,200,
exact,OP.GG LoL Taiwan,,,https://op.gg/lol/summoners/search?q=UTTP&region=tw,80,OP.GG - The Best LoL Builds and Tier List. Search Riot ID and Tagline for Stats,"The Best LoL Champion Builds and Player Stats by OP.GG - Learn champion builds, runes, and counters. Search Riot ID and Tagline for stats of all game modes.",OP.GG - The Best LoL Builds and Tier List. Search Riot ID and Tagline for Stats,,,200,
exact,OP.GG LoL Vietnam,,,https://op.gg/lol/summoners/search?q=UTTP&region=vn,80,OP.GG - The Best LoL Builds and Tier List. Search Riot ID and Tagline for Stats,"The Best LoL Champion Builds and Player Stats by OP.GG - Learn champion builds, runes, and counters. Search Riot ID and Tagline for stats of all game modes.",OP.GG - The Best LoL Builds and Tier List. Search Riot ID and Tagline for Stats,,,200,
exact,Letsbeef,,,https://www.letsbeef.com/forums/member.php?&username=UTTP,80,Lets Beef - Battle Rap Forums,"LetsBeef.com is live audio battle rap, where you can freestyle battle rap with other Emcees over real instrumentals",Battle Rap and Freestyle Battles at Lets Beef,,,200,
exact,Lolchess,,,https://lolchess.gg/profile/na/UTTP,80,"TFT Stats, Leaderboards, League of Legends Teamfight Tactics - LoLCHESS.GG","LoL TFT Stats, Leaderboards, Ranking, TFT Databases, iPhone, Android, Mobile, CheatSheet, LoL AutoChess, Synergies, Builder, Guide, Items, Champions","TFT Stats, Leaderboards, League of Legends Teamfight Tactics - LoLCHESS.GG",,,200,
exact,Repl.it,,,https://repl.it/@UTTP,80,Sign Up - Replit,Build and deploy software collaboratively with the power of AI without spending a second on setup.,Sign Up,,,200,
exact,Smogon,,,https://www.smogon.com/forums/members/?username=UTTP,80,Notable members | Smogon Forums,,Notable members,763970,,200,
exact,phpbbguru.net,,,https://www.phpbbguru.net/community/memberlist.php?mode=viewprofile&u=UTTP,80,phpBB Guru - Официальная русская поддержка форума phpBB - Вход,,phpBB Guru - Официальная русская поддержка форума phpBB,,,200,
exact,unixforum.org,,,https://unixforum.org/memberlist.php?mode=viewprofile&u=UTTP,80,unixforum.org - Вход,,unixforum.org,,,200,
exact,PayPal.me,,,https://www.paypal.me/UTTP,80,PayPal.Me,Ga naar paypal.me/uttp en voer het bedrag in. En met PayPal weet je zeker dat het gemakkelijk en veiliger is. Heb je geen PayPal-rekening? Geen probleem.,Betalen G w e r h met PayPal.Me,,,200,
exact,WhatsApp,,,https://wa.me/UTTP,80,Share on WhatsApp,"WhatsApp Messenger: More than 2 billion people
          in over 180 countries use WhatsApp to stay in touch with friends and
          family, anytime and anywhere. WhatsApp is free and offers simple",Share on WhatsApp,,,200,
exact,GCP,,,https://console.cloud.google.com/UTTP,80,,,,,,200,
exact,Polygonscan,,,https://polygonscan.com/address/UTTP,80,Polygon PoS Chain Account (Invalid Address),,,,,200,
exact,Optimistic Etherscan,,,https://optimistic.etherscan.io/address/UTTP,80,OP Mainnet Account (Invalid Address),,,,,200,
exact,BaseScan,,,https://basescan.org/address/UTTP,80,Base Account (Invalid Address),,,,,200,
exact,Zwift,,,https://www.zwift.com/athlete/UTTP,80,The at Home Cycling &amp; Running Virtual Training App,Zwift is virtual training for running and cycling. Smash your goals and compete with others around the world. With structured workouts and social group rides. iOS and Android compatible. Trusted by th,The at Home Cycling &amp; Running Virtual Training App,,,200,
exact,ZwiftPower,,,https://zwiftpower.com/profile.php? rider_id=UTTP,80,ZwiftPower -&nbsp;Login,,,,,200,
exact,Amazon Wish List,,,https://www.amazon.com/hz/wishlist/ls/UTTP,80,Amazon.com,,Check out my list on Amazon,,,200,
exact,PeerTube Instance,,,https://peertube.tv/account/UTTP,80,PeerTube.TV,A general-purpose platform managed by the french non-profit organization Framasoft.,PeerTube.TV,,,200,
exact,PeerTube.social,,,https://peertube.social/account/UTTP,80,"One moment, please...",,,,,200,
exact,Mint Forum,,,https://forums.linuxmint.com/memberlist.php?mode=viewprofile&un=UTTP,80,Linux Mint Forums - Login,,Linux Mint Forums,,,200,
exact,WeatherUnderground Station,,,https://www.wunderground.com/dashboard/pws/UTTP,80,"Local Weather Forecast, News and Conditions | Weather Underground",,,,,200,
exact,Paypal,,,https://www.paypal.com/paypalme/UTTP,80,PayPal.Me,Ga naar paypal.me/uttp en voer het bedrag in. En met PayPal weet je zeker dat het gemakkelijk en veiliger is. Heb je geen PayPal-rekening? Geen probleem.,Betalen G w e r h met PayPal.Me,,,200,
exact,LiveInternet,,,https://www.liveinternet.ru/users/UTTP/profile,80,LiveInternet,,,,,200,
exact,Uaksu,,,https://uaksu.forum24.ru/?32-UTTP,80,,,,,,200,
exact,Terminatorium,,,https://terminatorium.borda.ru/?32-UTTP,80,Terminator,,,,,200,
exact,FilmWeb,,,https://www.filmweb.pl/user/UTTP,80,,,,608202611,,200,
exact,Flyertalk,,,https://www.flyertalk.com/forum/members/UTTP.html,80,FlyerTalk Forums,,,,,200,
exact,Physicsforums,,,https://www.physicsforums.com/members/?username=UTTP,80,Notable members &#8226; Physics Forums - Science by Humans,,Notable members,778576,,200,
exact,AreKamrbb,,,https://are.kamrbb.ru/?x=find&f=UTTP#top,80,SMILE PROJECT,,,,,200,
exact,Hyundaitruckclub,,,https://hyundaitruckclub.kamrbb.ru/?x=find&f=UTTP&type=topics&nick=on#top,80,HyundaiTruckClub,,,,,200,
exact,Hackthissite,,,https://www.hackthissite.org/user/view/UTTP,80,Hack This Site,"HackThisSite.org is a free, safe and legal training ground for hackers to test and expand their ethical hacking skills with challenges, CTFs, and more.",HackThisSite,,,200,
exact,Avtomarket,,,https://avtomarket.ru/u/UTTP/,80,Пользователь не найден,,Такой пользователь не найден,,,200,
exact,Rusfishing,,,https://www.rusfishing.ru/forum/members/?username=UTTP,80,Выдающиеся пользователи | Русфишинг! Центральный Форум Рыбаков!,,Выдающиеся пользователи,479774,,200,
exact,Prokoni,,,https://www.prokoni.ru/forum/members/?username=UTTP,80,Полезные пользователи | Prokoni.ru,,Полезные пользователи,166710,,200,
exact,Caduser,,,https://www.caduser.ru/forum/userlist.php?username=UTTP,80,Пользователи &mdash; Форумы CADUser,,Пользователи,,,200,
exact,Interfaith,,,https://www.interfaith.org/community/members/?username=UTTP,80,"One moment, please...",,,,,200,
exact,Cydak,,,http://www.cydak.ru/forum/profile.php?mode=viewprofile&u=UTTP,80,"'-     ,   .",,,,,200,
exact,Ficwriter,,,https://ficwriter.info/polzovateli/userprofile/UTTP.html,80,Пользователи,,,,,200,
exact,ForumYuristov,,,https://forumyuristov.ru/members/?username=UTTP,80,Полезные пользователи | Форум юристов,,Полезные пользователи,104584,,200,
exact,Free-lance.ua,,,https://free-lance.ua/users/UTTP/,80,"One moment, please...",,,,,200,
exact,Kontrolkalemi,,,https://www.kontrolkalemi.com/forum/members/?username=UTTP,80,Dikkate değer üyeler | Kontrol Kalemi Forumları,,Dikkate değer üyeler,489433,,200,
exact,Megane2,,,http://megane2.ru/forum/members/?username=UTTP,80,Выдающиеся пользователи | Форум владельцев Renault Megane,,Выдающиеся пользователи,,,200,
exact,Mobrep,,,https://www.mobrep.ru/users?criteria=UTTP,80,Главное / Репортеры,,Репортеры,,,200,
exact,Polczat.pl,,,https://polczat.pl/forum/profile/UTTP/,80,"One moment, please...",,,,,200,
exact,Prosvetlenie,,,http://www.prosvetlenie.org/forum/members/?username=UTTP,80,Выдающиеся пользователи | Просветление. Эзотерический форум,,Выдающиеся пользователи,,,200,
exact,perfuforum.pl,,,https://perfuforum.pl/memberlist.php?username=UTTP,80,Perfuforum - Lista użytkowników,,,,,200,
exact,nasser-alyamani.org,,,https://nasser-alyamani.org/member.php?username=UTTP,80,موقع الإمام المهدي المنتظر ناصر محمد اليماني، منتديات البشرى الإسلامية والنبإ العظيم,,,,,200,
exact,Filmwatch,,,https://filmwatch.com/user/home/UTTP,80,"One moment, please...",,,,,200,
exact,Kaskus,,,https://www.kaskus.co.id/@UTTP,80,"KASKUS - Berbagi Hobi, Berkomunitas","Forum diskusi hobi, rumah ribuan komunitas dan pusat jual beli barang hobi di Indonesia.","KASKUS - Berbagi Hobi, Berkomunitas",,,200,
exact,Railfan,,,http://forums.railfan.net/forums.cgi?action=viewprofile;username=UTTP,80,Human Verification - Forums.Railfan.net,,Forums.Railfan.net,,,200,
exact,RomanticCollection,,,https://www.romanticcollection.ru/forum/search.php?keywords=&terms=all&author=UTTP,80,Форумы о любви — Информация,"Форум о любви и отношениях: расскажите о вашей проблеме и получите полезный совет и консультацию. Мудрые собеседники, новые друзья и круглосуточная поддержка.",Информация,,,200,
exact,Soloby,,,http://www.soloby.ru/user/UTTP,80,Горячие вопросы - Универ soloBY,,Горячие вопросы,,,200,
exact,TheGuardian,,,https://profile.theguardian.com/user/UTTP,80,public profile | Identity | The Guardian,,The Guardian,,,200,
exact,Totseans,,,http://www.totseans.com/bbs/profile/UTTP,80,"One moment, please...",,,,,200,
exact,YandexMarket,,,https://market.yandex.ru/user/UTTP,80,,,,213,,200,
exact,YandexZnatoki,,,https://yandex.ru/q/profile/UTTP,80,Яндекс Кью,"Яндекс Кью — платформа для экспертных сообществ, где люди делятся знаниями, отвечают на вопросы, общаются.",Яндекс Кью,,,200,
exact,caravelgames,,,http://forum.caravelgames.com/member.php?Action=viewprofile&username=UTTP,80,Caravel forum loading,,,,,200,
exact,openriskmanual.org,,,https://openriskmanual.org/wiki/User:UTTP,80,Login required - Open Risk Manual,,Login required,,,200,
exact,playtime,,,https://forum.playtime-forum.info/members/?username=UTTP,80,Namhafte Mitglieder | Playtime Forum,,Namhafte Mitglieder,1691,,200,
exact,Antiwomen,,,https://antiwomen.ru/memberlist.php?mode=viewprofile&u=UTTP,80,Антибабский форум - Вход,,Антибабский форум,,,200,
exact,Dobroeslovo,,,http://www.dobroeslovo.ru/memberlist.php?username=UTTP,80,Православный форум Доброе слово &bull; Пользователи,,Православный форум Доброе слово,,,200,
exact,ForumEvaveda,,,http://forum.evaveda.com/memberlist.php?username=UTTP,80,Форум Аюрведа и Йога - Пользователи,,Форум Аюрведа и Йога,,,200,
exact,LinuxMint,,,https://www.linuxmint.com.ru/memberlist.php?username=UTTP,80,LinuxMint.com.ru &bull; Вход,,,,,200,
exact,bashohota.ru,,,http://www.bashohota.ru/memberlist.php?mode=viewprofile&u=UTTP,80,Форум охотников республики Башкортостан - Вход,,Форум охотников республики Башкортостан,,,200,
exact,car72.ru,,,https://www.car72.ru/forum/memberlist.php?mode=viewprofile&u=UTTP,80,CAR72.RU Авто Сайт Тюмень - Вход,,,,,200,
exact,cedia-club.ru,,,https://cedia-club.ru/forum/memberlist.php?mode=viewprofile&u=UTTP,80,Вход - Cedia Club,,,,,200,
exact,chevrolet-daewoo.ru,,,http://chevrolet-daewoo.ru/forum/memberlist.php?mode=viewprofile&u=UTTP,80,Chevrolet Club - Вход,,Chevrolet Club,,,200,
exact,diorama.ru,,,https://diorama.ru/forum/memberlist.php?mode=viewprofile&u=UTTP,80,Вход | Раздел форума | Diorama.ru,,Diorama.ru,,,200,
exact,doublecmd.h1n.ru,,,https://doublecmd.h1n.ru/memberlist.php?mode=viewprofile&u=UTTP,80,Double Commander - Login,,Double Commander,,,200,
exact,fforum.ru,,,http://www.fforum.ru/memberlist.php?mode=viewprofile&u=UTTP,80,fforum.ru &bull; Вход,,fforum.ru,,,200,
exact,fkclub.ru,,,https://fkclub.ru/forum/memberlist.php?mode=viewprofile&u=UTTP,80,,,,,,200,
exact,forum-dollplanet.ru,,,http://forum-dollplanet.ru/memberlist.php?mode=viewprofile&u=UTTP,80,Форум о куклах DP - Вход,,Форум о куклах DP,,,200,
exact,forum.1796web.com,,,https://forum.1796web.com/memberlist.php?mode=viewprofile&u=UTTP,80,"One moment, please...",,,,,200,
exact,forum.alconar.ru,,,https://forum.alconar.ru/memberlist.php?mode=viewprofile&u=UTTP,80,Форум трезвых алкоголиков - Вход,,Форум трезвых алкоголиков,,,200,
exact,forum.danetka.ru,,,http://forum.danetka.ru/memberlist.php?mode=viewprofile&u=UTTP,80,danetka.ru - Вход,,danetka.ru,,,200,
exact,forum.gong.bg,,,https://forum.gong.bg/memberlist.php?username=UTTP,80,forum.gong.bg - Потребители,,Форумът на Гонг,,,200,
exact,forum.injectorservice.com.ua,,,https://forum.injectorservice.com.ua/memberlist.php?mode=viewprofile&u=UTTP,80,forum.injectorservice.com.ua - Вход,,forum.injectorservice.com.ua,,,200,
exact,forum.lancerx.ru,,,https://forum.lancerx.ru/memberlist.php?mode=viewprofile&u=UTTP,80,Mitsubishi Lancer X. Все о Мицубиси Лансер 10 - Вход,,Mitsubishi Lancer X. Все о Мицубиси Лансер 10,,,200,
exact,forum.league17.ru,,,https://forum.league17.ru/memberlist.php?mode=viewprofile&u=UTTP,80,Форум Лиги-17 - Вход,,Форум Лиги-17,,,200,
exact,forum.nvworld.ru,,,https://forum.nvworld.ru/memberlist.php?mode=viewprofile&u=UTTP,80,Форум МИРа NVIDIA - Вход,,Форум МИРа NVIDIA,,,200,
exact,forum.openoffice.org,,,https://forum.openoffice.org/en/forum/memberlist.php?mode=viewprofile&u=UTTP,80,Apache OpenOffice Community Forum - Apache OpenOffice Community Forum,,,,,200,
exact,forum.pavlovskyposad.ru,,,http://forum.pavlovskyposad.ru/memberlist.php?mode=viewprofile&u=UTTP,80,Павловский Посад.ру - Вход,,Павловский Посад.ру,,,200,
exact,forum.prihoz.ru,,,https://forum.prihoz.ru/memberlist.php?mode=viewprofile&u=UTTP,80,"Дачный форум: дача, сад, огород, цветы. - Вход",,"Дачный форум: дача, сад, огород, цветы.",,,200,
exact,forum.pskovchess.ru,,,http://forum.pskovchess.ru/memberlist.php?mode=viewprofile&u=UTTP,80,Вход - Федерация шахмат Псковской области,,Федерация шахмат Псковской области,,,200,
exact,forum.rosalinux.ru,,,https://forum.rosalinux.ru/memberlist.php?mode=viewprofile&u=UTTP,80,ROSA Forum - Вход,,ROSA Forum,,,200,
exact,forum.rzn.info,,,https://forum.rzn.info/memberlist.php?mode=viewprofile&u=UTTP,80,Рязанский городской форум RZN.info - Вход,,Рязанский городской форум,,,200,
exact,forum.scssoft.com,,,https://forum.scssoft.com/memberlist.php?mode=viewprofile&u=UTTP,80,SCS Software - Login,,SCS Software,,,200,
exact,forum.spyderco.com,,,https://forum.spyderco.com/memberlist.php?mode=viewprofile&u=UTTP,80,Spyderco Forums - Login,,Spyderco Forums,,,200,
exact,forum.sureai.net,,,https://forum.sureai.net/memberlist.php?mode=viewprofile&u=UTTP,80,SureAI &bull; Login,,,,,200,
exact,forum.wladimir.su,,,http://forum.wladimir.su/memberlist.php?mode=viewprofile&u=UTTP,80,Форум города Владимир &bull; Вход,,&nbsp;,,,200,
exact,forums.linuxmint.com,,,https://forums.linuxmint.com/memberlist.php?mode=viewprofile&u=UTTP,80,Linux Mint Forums - Login,,Linux Mint Forums,,,200,
exact,forums.mozfr.org,,,https://forums.mozfr.org/memberlist.php?username=UTTP,80,Geckozone - Membres,,Geckozone,,,200,
exact,frauflora.com,,,http://frauflora.com/memberlist.php?mode=viewprofile&u=UTTP,80,Форум цветоводов Фрау Флора - Вход,,Форум цветоводов Фрау Флора,,,200,
exact,gaz-24.com,,,http://gaz-24.com/forum/memberlist.php?mode=viewprofile&u=UTTP,80,Клуб владельцев ГАЗ 24 - Вход,,,,,200,
exact,guitar.by,,,https://www.guitar.by/forum/memberlist.php?mode=viewprofile&u=UTTP,80,"One moment, please...",,,,,200,
exact,hairforum.ru,,,https://hairforum.ru/memberlist.php?mode=viewprofile&u=UTTP,80,Вход &bull; Форум парикмахеров - HAIRFORUM.ru - Парикмахерские отзывы,,,,,200,
exact,hcv.ru,,,http://www.hcv.ru/forum/memberlist.php?mode=viewprofile&u=UTTP,80,Вход,,Форум на Остановке...,,,200,
exact,hunting.karelia.ru,,,http://hunting.karelia.ru/memberlist.php?mode=viewprofile&u=UTTP,80,Охота в Карелии - Вход,,Охота в Карелии,,,200,
exact,jeepspb.ru,,,http://jeepspb.ru/forum/memberlist.php?mode=viewprofile&u=UTTP,80,Jeep-клуб &bull; Вход,,Jeep-клуб,,,200,
exact,kandaulismus.cz,,,https://kandaulismus.cz/memberlist.php?username=UTTP,80,KANDAULISMUS - Členové,,KANDAULISMUS,,,200,
exact,kidshockey.ru,,,https://kidshockey.ru/memberlist.php?mode=viewprofile&u=UTTP,80,"KidsHockey
	- Вход",Вход,KidsHockey - Вход,,,200,
exact,krskforum.com,,,https://krskforum.com/memberlist.php?mode=viewprofile&u=UTTP,80,Красноярский форум - Вход,,Красноярский форум,,,200,
exact,lviv4x4.club,,,http://lviv4x4.club/forum/memberlist.php?mode=viewprofile&u=UTTP,80,Позашляховий клуб «Львів 4×4» - Вхід,,Позашляховий клуб «Львів 4×4»,,,200,
exact,mitsubishi-asx.net,,,https://www.mitsubishi-asx.net/forum/memberlist.php?mode=viewprofile&u=UTTP,80,Mitsubishi ASX Клуб - Вход,,Mitsubishi ASX Клуб,,,200,
exact,motoforum.ru,,,https://www.motoforum.ru/forum/memberlist.php?mode=viewprofile&u=UTTP,80,МотоФорум.RU/Форум - Информация,Мотофорум.ру - Главный Мотофорум страны,Информация,,,200,
exact,pajero4x4.ru,,,http://www.pajero4x4.ru/bbs/phpBB2/memberlist.php?mode=viewprofile&u=UTTP,80,Pajero 4x4 Off-Road Club - Вход,,Pajero 4x4 Off-Road Club,,,200,
exact,rest.feo.ru,,,https://rest.feo.ru/forum/memberlist.php?mode=viewprofile&u=UTTP,80,Форум Феодосии (Фео.ру) - Вход,,Форум Феодосии (Фео.ру),,,200,
exact,rt20.getbb.ru,,,http://www.rt20.getbb.ru/memberlist.php?mode=viewprofile&u=UTTP,80,Форумы сайта &quot;Отечественная радиотехника ХХ века&quot; - Вход,,Форумы сайта &quot;Отечественная радиотехника ХХ века&quot;,,,200,
exact,rt21.getbb.ru,,,http://www.rt21.getbb.ru/memberlist.php?mode=viewprofile&u=UTTP,80,Доска объявлений сайта &quot;Отечественная радиотехника ХХ века&quot; - Вход,,Доска объявлений сайта &quot;Отечественная радиотехника ХХ века&quot;,,,200,
exact,sasgis.org,,,http://www.sasgis.org/forum/memberlist.php?mode=viewprofile&u=UTTP,80,Форум SAS.Планета - Вход,,Форум SAS.Планета,,,200,
exact,socioforum.su,,,https://www.socioforum.su/memberlist.php?mode=viewprofile&u=UTTP,80,Вход &bull; Социофорум - бесплатное обучение онлайн,,Социофорум - бесплатное обучение онлайн,,,200,
exact,sorento.kia-club.ru,,,http://sorento.kia-club.ru/forum/memberlist.php?mode=viewprofile&u=UTTP,80,KIA Sorento &bull; Вход,,,,,200,
exact,spb-projects.ru,,,http://spb-projects.ru/forum/memberlist.php?mode=viewprofile&u=UTTP,80,spb-projects.ru - Вход,,spb-projects.ru,,,200,
exact,tottenhamhotspur.ru,,,http://tottenhamhotspur.ru/memberlist.php?mode=viewprofile&u=UTTP,80,Тоттенхэм Хотспур - Русские Шпоры &bull; Вход,,Тоттенхэм Хотспур - Русские Шпоры,,,200,
exact,trworkshop.net,,,http://www.trworkshop.net/forum/memberlist.php?mode=viewprofile&u=UTTP,80,Вход &bull;  Город переводчиков,,,,,200,
exact,ttsport.ru,,,https://www.ttsport.ru/forum/memberlist.php?mode=viewprofile&u=UTTP,80,TTSPORT.RU настольный теннис - Вход,,TTSPORT.RU настольный теннис,,,200,
exact,vcfm.ru,,,https://vcfm.ru/forum/memberlist.php?mode=viewprofile&u=UTTP,80,Victor City &bull; Вход,,&nbsp;Victor City,,,200,
exact,vw-bus.ru,,,https://vw-bus.ru/memberlist.php?username=UTTP,80,VW-BUS.RU - Пользователи,,VW-BUS.RU,,,200,
exact,Solikick,,,https://solikick.com/-UTTP,70,Loading...,,,,,200,
exact,rec.poker,,,https://rec.poker/author/UTTP/,70,"One moment, please...",,,,,200,
exact,Producer Hive,,,https://producerhive.com/UTTP,70,"One moment, please...",,,,,200,
similarity,GitHub,,uttp,https://github.com/uttp,70,uttp on GitHub,,,5093524,,200,
similarity,npm,,uttp,https://github.com/sachinraja/uttp.git,70,uttp on npm,"write your request handlers once, run anywhere",,,,200,
similarity,Stack Overflow,,uttp,https://stackoverflow.com/users/3081229/uttp,70,uttp on Stack Overflow,,,3081229,,200,
exact,Archive.orgTwitterTweets,,,http://archive.org/wayback/available?url=https://twitter.com/UTTP/status/*,70,,,,,,200,
exact,1x,,,https://1x.com/member/UTTP,70,1x.com • In Pursuit of the Sublime,"Browse 200,000 curated photos from photographers all over the world",1x.com • In Pursuit of the Sublime,,,200,
exact,MapMyRun,,,https://www.mapmyrun.com/athlete/UTTP,70,MapMyRun,,,,,200,
exact,MapMyWalk,,,https://www.mapmywalk.com/athlete/UTTP,70,MapMyWalk,,,,,200,
exact,MapMyRide,,,https://www.mapmyride.com/athlete/UTTP,70,MapMyRide,,,,,200,
exact,Vercel,,,https://UTTP.vercel.app,70,Welcome To Zscaler Directory Authentication,,,,,200,
exact,2GIS,,,https://2gis.com/UTTP,70,2GIS,,,,,200,
exact,GameBanana,,,https://gamebanana.com/UTTP,70,Tango Down! | GameBanana,,Tango Down! | GameBanana,,,200,
exact,Archive.orgTwitterProfiles,,,http://archive.org/wayback/available?url=https://twitter.com/UTTP,70,,,,,,200,
exact,Facebook,,,https://www.facebook.com/UTTP,70,,,,,,200,
exact,line.me,,,https://line.me/R/ti/p/@UTTP?from=page,70,LINE,,LINE,,,200,
exact,Sina Weibo (Mobile),,,https://m.weibo.cn/u/UTTP,70,Welcome To Zscaler Directory Authentication,,,,,200,
exact,Douban,,,https://www.douban.com/people/UTTP,70,Welcome To Zscaler Directory Authentication,,,,,200,
exact,Zalo,,,https://zalo.me/UTTP,70,Welcome To Zscaler Directory Authentication,,,,,200,
exact,Second Life,,,https://my.secondlife.com/UTTP,70,Welcome To Zscaler Directory Authentication,,,,,200,
exact,Mixer,,,https://mixer.com/UTTP,70,Redirecting...,,,,,200,
exact,Viberate,,,https://viberate.com/UTTP,70,Welcome To Zscaler Directory Authentication,,,,,200,
exact,Newgrounds,,,https://UTTP.newgrounds.com/,70,Welcome To Zscaler Directory Authentication,,,,,200,
exact,Rockstar Social Club,,,https://socialclub.rockstargames.com/member/UTTP,70,Welcome To Zscaler Directory Authentication,,,,,200,
exact,Vevo,,,https://www.vevo.com/UTTP,70,Welcome To Zscaler Directory Authentication,,,,,200,
exact,Tubi,,,https://tubitv.com/UTTP,70,Welcome To Zscaler Directory Authentication,,,,,200,
exact,Airbit,,,https://www.airbit.com/UTTP,70,Welcome To Zscaler Directory Authentication,,,,,200,
exact,Every Noise at Once,,,https://everynoise.com/UTTP,70,Welcome To Zscaler Directory Authentication,,,,,200,
exact,Looperman,,,https://www.looperman.com/UTTP,70,Welcome To Zscaler Directory Authentication,,,,,200,
exact,Bitly,,,https://bitly.com/UTTP,70,Welcome To Zscaler Directory Authentication,,,,,200,
exact,Tapas,,,https://tapas.io/UTTP,70,Welcome To Zscaler Directory Authentication,,,,,200,
exact,BuyMeACoffee,,,https://www.buymeacoffee.com/UTTP,70,Welcome To Zscaler Directory Authentication,,,,,200,
exact,Odnoklassniki,,,https://ok.ru/UTTP,70,Welcome To Zscaler Directory Authentication,,,,,200,
exact,WeChat,,,https://weixin.qq.com/UTTP,70,Welcome To Zscaler Directory Authentication,,,,,200,
exact,Weibo,,,https://weibo.com/UTTP,70,Welcome To Zscaler Directory Authentication,,,,,200,
exact,Newgrounds,,,https://UTTP.newgrounds.com,70,Welcome To Zscaler Directory Authentication,,,,,200,
exact,Hired Profile,,,https://hired.com/p/UTTP,70,Welcome To Zscaler Directory Authentication,,,,,200,
exact,League of Legends,,,https://www.op.gg/summoners/UTTP,70,Welcome To Zscaler Directory Authentication,,,,,200,
exact,Artbreeder,,,https://www.artbreeder.com/UTTP,70,Welcome To Zscaler Directory Authentication,,,,,200,
exact,Displate,,,https://displate.com/UTTP,70,Welcome To Zscaler Directory Authentication,,,,,200,
exact,Envato,,,https://creativemarket.com/UTTP,70,Welcome To Zscaler Directory Authentication,,,,,200,
exact,Minds,,,https://www.minds.com/UTTP,70,Welcome To Zscaler Directory Authentication,,,,,200,
exact,Snap Store,,,https://snapcraft.io/UTTP,70,Welcome To Zscaler Directory Authentication,,,,,200,
exact,Battle.net,,,https://battle.net/UTTP,70,Welcome To Zscaler Directory Authentication,,,,,200,
exact,Gitee,,,https://gitee.com/UTTP,70,Welcome To Zscaler Directory Authentication,,,,,200,
exact,Patreon,,,https://www.patreon.com/UTTP,70,Welcome To Zscaler Directory Authentication,,,,,200,
exact,Figma,,,https://www.figma.com/@UTTP,70,Welcome To Zscaler Directory Authentication,,,,,200,
exact,Myspace,,,https://myspace.com/UTTP,70,Welcome To Zscaler Directory Authentication,,,,,200,
exact,Ko-fi,,,https://ko-fi.com/UTTP,70,Welcome To Zscaler Directory Authentication,,,,,200,
exact,Flickr,,,https://www.flickr.com/people/UTTP/,70,Welcome To Zscaler Directory Authentication,,,,,200,
exact,Naver Blog,,,https://blog.naver.com/UTTP,70,Welcome To Zscaler Directory Authentication,,,,,200,
exact,Fotolog,,,https://www.fotolog.com/UTTP,70,Welcome To Zscaler Directory Authentication,,,,,200,
exact,Clubhouse,,,https://www.joinclubhouse.com/@UTTP,70,Welcome To Zscaler Directory Authentication,,,,,200,
exact,Funkwhale,,,https://funkwhale.audio/u/UTTP,70,Welcome To Zscaler Directory Authentication,,,,,200,
exact,Vimeo Showcase,,,https://vimeo.com/showcase/UTTP,70,Showcase on Vimeo,,,,,200,
exact,ItemFix,,,https://www.itemfix.com/c/UTTP,70,ItemFix - Channel:,Social Video Factory,ItemFix - Channel:,,,200,
exact,1001tracklists,,,https://www.1001tracklists.com/user/UTTP/index.html,70,1001Tracklists &sdot; The World's Leading DJ Tracklist/Playlist Database,,1001Tracklists &sdot; The World's Leading DJ Tracklist/Playlist Database,,,206,
exact,CapitalcityCombats,,,http://capitalcity.combats.com/inf.pl?UTTP,70,,,,,,200,
exact,Demonscity,,,http://demonscity.combats.com/inf.pl?UTTP,70,,,,,,200,
exact,PeerTube,,,https://peertube.tv/UTTP,70,PeerTube.TV,A general-purpose platform managed by the french non-profit organization Framasoft.,PeerTube.TV,,,200,
exact,Tweakers,,,https://tweakers.net/gallery/UTTP,70,DPG Media Privacy Gate,,,,,200,
exact,Wishlistr,,,https://www.wishlistr.com/UTTP/,70,"One moment, please...",,,,,200,
exact,SchemeColor,,,https://www.schemecolor.com/author/UTTP,70,"One moment, please...",,,,,200,
exact,Plug.DJ,,,https://plug.dj/@/UTTP,70,Sign in ・ Cloudflare Access,,Log in to plug.dj,,,200,
exact,Radiokot,,,https://www.radiokot.ru/forum/search.php?keywords=&terms=all&author=UTTP,70,Форум РадиоКот - Информация,,Форум РадиоКот,,,200,
exact,Amazon Music,,,https://music.amazon.com/UTTP,70,,,,,,200,
exact,Temu,,,https://www.temu.com/UTTP,70,,,,,,200,
exact,EDGAR Full-Text Search,,,https://efts.sec.gov/LATEST/search-index?q=%22UTTP%22,70,,,,,,200,
exact,Lemmy.ee,,,https://feddit.de/u/UTTP,70,"One moment, please...",,,,,200,
exact,Anycubic,,,https://www.anycubic.com/UTTP,70,Anycubic 3D Printer | For Freedom to Make,,Makeronline | The Official Anycubic Model Community,,,200,
exact,Spaghettimodels,,,https://spaghettimodels.com/UTTP,70,"One moment, please...",,,,,200,
exact,SideProjectors,,,https://www.sideprojectors.com/UTTP,70,"Sell, buy, show off your side projects - SideProjectors | Marketplace to buy and sell side projects.",SideProjectors is a friendly marketplace to sell and buy interesting side projects from other people. If you are a developer with side projects then this would be a perfect community for you to discov,"Sell, buy, show off your side projects - SideProjectors | Marketplace to buy and sell side projects.",101,,200,
exact,Riffle,,,https://www.rifflebooks.com/UTTP,70,"One moment, please...",,,,,200,
exact,Travis CI,,,https://travis-ci.com/UTTP,70,"One moment, please...",,,,,200,
exact,OpenAIRE,,,https://explore.openaire.eu/search/find?keyword=UTTP,70,One more step to access OpenAIRE,We limit access to this page to help protect our services...,One more step to access OpenAIRE,,,200,
exact,YandexZenChannel,,,https://dzen.ru/channel/UTTP,70,,,,,,200,
exact,awd.ru,,,https://forum.awd.ru/search.php?keywords=&terms=all&author=UTTP,70,Информация &bull; Форум Винского,"Форум Винского, самостоятельные путешествия: форум советы, отчёты, маршруты.",Информация • Форум Винского,,,200,
exact,podolsk,,,https://forum.podolsk.ru/search.php?keywords=&terms=all&author=UTTP,70,Подольский городской форум - Информация,,,,,200,
exact,lightstalking.com,,,https://www.lightstalking.com/author/UTTP/,70,"One moment, please...",,,,,200,
exact,Poembook,,,https://poembook.ru/any?query=UTTP,70,,,Поэты,,,200,
exact,Southklad,,,https://southklad.ru/forum/search.php?keywords=&terms=all&author=UTTP,70,,,,,,200,
exact,Astro-talks,,,http://www.astro-talks.ru/forum/search.php?keywords=&terms=all&author=UTTP,70,astro-talks - Информация,,astro-talks,,,200,
exact,Chamsko.pl,,,https://www.chamsko.pl/profil/UTTP,70,"One moment, please...",,,,,200,
exact,Lightstalking,,,https://lightstalking.us/members/UTTP,70,"One moment, please...",,,,,200,
exact,ultrasdiary.pl,,,https://ultrasdiary.pl/u/UTTP/,70,"One moment, please...",,,,,200,
exact,trepup.com,,,https://trepup.com/UTTP,70,,,Trepup,,,200,
exact,Fatsecret,,,https://www.fatsecret.com/member/UTTP,70,Sign In,,fatsecret,,,200,
exact,GotovimDoma,,,https://gotovim-doma.ru/forum/search.php?keywords=&terms=all&author=UTTP,70,Информация,,,,,200,
exact,Medikforum,,,https://www.medikforum.ru/forum/search.php?keywords=&terms=all&author=UTTP,70,Информация: отзывы и обсуждения | Форум на MedikForum.ru,,Отзывы и форум о здоровье,,,200,
exact,4x4.tomsk.ru,,,http://4x4.tomsk.ru/memberlist.php?mode=viewprofile&u=UTTP,70,4x4.tomsk.ru :  - Вход,,,,,200,
exact,650f.bike,,,https://650f.bike/members/UTTP/,70,"One moment, please...",,,,,200,
exact,Macosx,,,https://macosx.com/members/UTTP/,70,"One moment, please...",,,,,200,
exact,Nygunforum,,,https://nygunforum.com/members/UTTP/,70,"One moment, please...",,,,,200,
exact,OurDJTalk,,,https://ourdjtalk.com/members/UTTP/,70,"One moment, please...",,,,,200,
exact,Reincarnationforum,,,http://reincarnationforum.com/members/UTTP/,70,"One moment, please...",,,,,200,
exact,Sugoidesu,,,https://sugoidesu.net/members/UTTP/,70,"One moment, please...",,,,,200,
exact,cigarpass.com,,,http://www.cigarpass.com/forum/members/UTTP/,70,Cigar Forums | CigarPass.com,,Cigar Forums | CigarPass.com,34305,,200,
exact,crown6.org,,,https://UTTP.crown6.org,70,Loading...,,,,,200,
exact,foropuros.com,,,https://foropuros.com/members/UTTP/,70,"One moment, please...",,,,,200,
exact,forum.neformat.com.ua,,,https://forum.neformat.com.ua/members/UTTP/,70,"One moment, please...",,,,,200,
exact,oyunlabi.com,,,https://oyunlabi.com/members/UTTP/,70,"One moment, please...",,,,,200,
exact,southbayriders.com,,,http://www.southbayriders.com/forums/members/UTTP/,70,South Bay Riders,,South Bay Riders,,,200,
similarity,Sh.ItJust.Works,,TacoButtPlug,https://sh.itjust.works/u/TacoButtPlug,56,TacoButtPlug on Sh.ItJust.Works,,,,,200,TacoButtPlug
similarity,Sh.ItJust.Works,,Waluigis_Talking_Buttplug,https://lemmy.world/u/Waluigis_Talking_Buttplug,56,Waluigis_Talking_Buttplug on Sh.ItJust.Works,,,,,200,Waluigis_Talking_Buttplug
similarity,Beehaw,,SEND_BUTTPLUG_PICS,https://lemmy.zip/u/SEND_BUTTPLUG_PICS,56,SEND_BUTTPLUG_PICS on Beehaw,,,,,200,SEND_BUTTPLUG_PICS
similarity,Beehaw,,puttputt,https://beehaw.org/u/puttputt,56,puttputt on Beehaw,,,,,200,puttputt
similarity,Sh.ItJust.Works,,buttPickle,https://lemmy.world/u/buttPickle,56,buttPickle on Sh.ItJust.Works,,,,,200,buttPickle
similarity,Sh.ItJust.Works,,SEND_BUTTPLUG_PICS,https://lemmy.world/u/SEND_BUTTPLUG_PICS,56,SEND_BUTTPLUG_PICS on Sh.ItJust.Works,,,,,200,SEND_BUTTPLUG_PICS
similarity,Sh.ItJust.Works,,improvisedbuttplug,https://lemmy.world/u/improvisedbuttplug,56,improvisedbuttplug on Sh.ItJust.Works,,,,,200,improvisedbuttplug
similarity,Beehaw,,SpicedUpButtplug,https://sopuli.xyz/u/SpicedUpButtplug,56,SpicedUpButtplug on Beehaw,,,,,200,SpicedUpButtplug
similarity,Beehaw,,TacoButtPlug,https://kbin.social/u/TacoButtPlug,56,TacoButtPlug on Beehaw,,,,,200,TacoButtPlug
similarity,Beehaw,,buttpooper,https://lemm.ee/u/buttpooper,56,buttpooper on Beehaw,,,,,200,buttpooper
similarity,Beehaw,,SEND_BUTTPLUG_PICS,https://lemmynsfw.com/u/SEND_BUTTPLUG_PICS,56,SEND_BUTTPLUG_PICS on Beehaw,,,,,200,SEND_BUTTPLUG_PICS
similarity,Deezer,,uttpower,https://deezer.com/uttpower,56,uttpower on Deezer,,,6685705,,200,uttpower
similarity,Beehaw,,Buttpounder69,https://lemmy.dbzer0.com/u/Buttpounder69,56,Buttpounder69 on Beehaw,,,,,200,Buttpounder69
similarity,Beehaw,,buttpuddle,https://mastodon.social/users/buttpuddle,56,buttpuddle on Beehaw,,,,,200,buttpuddle
similarity,Beehaw,,SendMeYourButtPics,https://lemmynsfw.com/u/SendMeYourButtPics,56,SendMeYourButtPics on Beehaw,,,,,200,SendMeYourButtPics
similarity,Beehaw,,Buttplugpeddler,https://kbin.social/u/Buttplugpeddler,56,Buttplugpeddler on Beehaw,,,,,200,Buttplugpeddler
similarity,GitHub,,uttpal,https://github.com/uttpal,56,uttpal on GitHub,,,8591801,,200,uttpal
similarity,GitHub,,UttpalSingh,https://github.com/UttpalSingh,56,UttpalSingh on GitHub,,,175302199,,200,UttpalSingh
similarity,GitHub,,Uttpalmishra,https://github.com/Uttpalmishra,56,Uttpalmishra on GitHub,,,163672588,,200,Uttpalmishra
similarity,GitHub,,Uttpal47,https://github.com/Uttpal47,56,Uttpal47 on GitHub,,,134847191,,200,Uttpal47
similarity,GitHub,,uttpalKachhawa,https://github.com/uttpalKachhawa,56,uttpalKachhawa on GitHub,,,21216066,,200,uttpalKachhawa
similarity,GitHub,,UttpatiSahu,https://github.com/UttpatiSahu,56,UttpatiSahu on GitHub,,,67875248,,200,UttpatiSahu
similarity,GitHub,,Uttpol11,https://github.com/Uttpol11,56,Uttpol11 on GitHub,,,286744035,,200,Uttpol11
similarity,GitHub,,UTTPALKANT,https://github.com/UTTPALKANT,56,UTTPALKANT on GitHub,,,137964543,,200,UTTPALKANT
similarity,GitHub,,Uttpal-Tripathy,https://github.com/Uttpal-Tripathy,56,Uttpal-Tripathy on GitHub,,,74708097,,200,Uttpal-Tripathy
similarity,GitHub,,uttpthdtc,https://github.com/uttpthdtc,56,uttpthdtc on GitHub,,,84846749,,200,uttpthdtc
similarity,GitHub,,uttpesh-vyas,https://github.com/uttpesh-vyas,56,uttpesh-vyas on GitHub,,,114409801,,200,uttpesh-vyas
similarity,GitHub,,uttpal1,https://github.com/uttpal1,56,uttpal1 on GitHub,,,55845942,,200,uttpal1
similarity,GitHub,,uttp3,https://github.com/uttp3,56,uttp3 on GitHub,,,240717619,,200,uttp3
similarity,GitHub,,uttpaul,https://github.com/uttpaul,56,uttpaul on GitHub,,,68465963,,200,uttpaul
similarity,GitHub,,uttpal95,https://github.com/uttpal95,56,uttpal95 on GitHub,,,262971757,,200,uttpal95
similarity,GitHub,,uttpal-076,https://github.com/uttpal-076,56,uttpal-076 on GitHub,,,100273096,,200,uttpal-076
similarity,GitHub,,Uttprerak,https://github.com/Uttprerak,56,Uttprerak on GitHub,,,121280083,,200,Uttprerak
similarity,GitHub,,uttp333,https://github.com/uttp333,56,uttp333 on GitHub,,,245744527,,200,uttp333
similarity,GitHub,,Uttpal-Kumar,https://github.com/Uttpal-Kumar,56,Uttpal-Kumar on GitHub,,,215335647,,200,Uttpal-Kumar
similarity,Mastodon,,frickfunnymikeuttpthtdc,https://mastodon.social/@frickfunnymikeuttpthtdc,56,frickfunnymikeuttpthtdc on Mastodon,,FFM UTTP THTDC,114350622147195375,,200,frickfunnymikeuttpthtdc
similarity,Bluesky,,uttparkrosie.bsky.social,https://bluesky.com/uttparkrosie.bsky.social,56,uttparkrosie.bsky.social on Bluesky,BLACKPINK ,jooy,,,200,uttparkrosie.bsky.social
similarity,Bluesky,,michaelsuttptv.bsky.social,https://bluesky.com/michaelsuttptv.bsky.social,56,michaelsuttptv.bsky.social on Bluesky,"Hi, guys, I'm Michael, I'm the owner of Michael's UTTP TV Studios, I'm the creator of my anime reactions from 2017 to 2018, And now I got Season 2 of my anime reactions from 2024 to 2025-Present. If y",Michael's UTTP TV Studios,,,200,michaelsuttptv.bsky.social
similarity,Bluesky,,uttpalette.bsky.social,https://bluesky.com/uttpalette.bsky.social,56,uttpalette.bsky.social on Bluesky,só os moots antigos,thv,,,200,uttpalette.bsky.social
similarity,Bluesky,,kiloratstrzntputtp.bsky.social,https://bluesky.com/kiloratstrzntputtp.bsky.social,56,kiloratstrzntputtp.bsky.social on Bluesky,"EMPEROR OF THY STR: https://discord.gg/KebayRb3XR
ZNTP: https://discord.gg/uttpteam OR JUST discord.gg/uttpteam",KiloRat UTTP STR ZNTP,,,200,kiloratstrzntputtp.bsky.social
similarity,Bluesky,,uttpofficercoplord.bsky.social,https://bluesky.com/uttpofficercoplord.bsky.social,56,uttpofficercoplord.bsky.social on Bluesky,,,,,200,uttpofficercoplord.bsky.social
similarity,Bluesky,,uttp-lieutenant2.bsky.social,https://bluesky.com/uttp-lieutenant2.bsky.social,56,uttp-lieutenant2.bsky.social on Bluesky,,,,,200,uttp-lieutenant2.bsky.social
similarity,Bluesky,,uttpus.bsky.social,https://bluesky.com/uttpus.bsky.social,56,uttpus.bsky.social on Bluesky,,,,,200,uttpus.bsky.social
similarity,Mastodon,,UTTP_OFFICAL,https://mastodon.social/@UTTP_OFFICAL,56,UTTP_OFFICAL on Mastodon,,UTTP OFFICAL ACCOUNT,111497574211024912,,200,UTTP_OFFICAL
similarity,Mastodon,,UTTPmastdept,https://mastodon.social/@UTTPmastdept,56,UTTPmastdept on Mastodon,,UTTP Mastodon Division,115674730966983800,,200,UTTPmastdept
similarity,Stack Overflow,,puttputt,https://stackoverflow.com/users/101005/puttputt,56,puttputt on Stack Overflow,,,101005,,200,puttputt
similarity,Stack Overflow,,buttpee,https://stackoverflow.com/users/8529255/buttpee,56,buttpee on Stack Overflow,,,8529255,,200,buttpee
similarity,Stack Overflow,,pnuttpad,https://stackoverflow.com/users/10995478/pnuttpad,56,pnuttpad on Stack Overflow,,,10995478,,200,pnuttpad
similarity,Stack Overflow,,FreeButtPlugs,https://stackoverflow.com/users/12456576/freebuttplugs,56,FreeButtPlugs on Stack Overflow,,,12456576,,200,FreeButtPlugs
similarity,Stack Overflow,,uttpal,https://stackoverflow.com/users/9342247/uttpal,56,uttpal on Stack Overflow,,,9342247,,200,uttpal
similarity,Stack Overflow,,kecuttpikding1970,https://stackoverflow.com/users/9818749/kecuttpikding1970,56,kecuttpikding1970 on Stack Overflow,,,9818749,,200,kecuttpikding1970
similarity,Stack Overflow,,vecuttpadi1981,https://stackoverflow.com/users/9981911/vecuttpadi1981,56,vecuttpadi1981 on Stack Overflow,,,9981911,,200,vecuttpadi1981
similarity,Stack Overflow,,smuttprogramming,https://stackoverflow.com/users/13116089/smuttprogramming,56,smuttprogramming on Stack Overflow,,,13116089,,200,smuttprogramming
similarity,Stack Overflow,,puttputt,https://stackoverflow.com/users/13675809/puttputt,56,puttputt on Stack Overflow,,,13675809,,200,puttputt
similarity,Stack Overflow,,Mrbuttpk,https://stackoverflow.com/users/15335106/mrbuttpk,56,Mrbuttpk on Stack Overflow,,,15335106,,200,Mrbuttpk
similarity,Stack Overflow,,Ahmadbuttpunjab,https://stackoverflow.com/users/16481314/ahmadbuttpunjab,56,Ahmadbuttpunjab on Stack Overflow,,,16481314,,200,Ahmadbuttpunjab
similarity,Deezer,,utp,https://deezer.com/utp,52,utp on Deezer,,,6682125503,,200,utp
exact,adblockplus.org,,,https://adblockplus.org/forum/search.php?keywords=&terms=all&author=UTTP,45,Adblock Plus Help Center,How can we help you?,Adblock Plus Help Center,,,200,
exact,svidbook,,,https://www.svidbook.ru/user/UTTP,45,Проект «СВиД»,,,,,200,
exact,Twitch VODs,,,https://www.twitch.tv/UTTP/videos?all=true,45,Twitch,,,,,200,
exact,Savaan,,,https://www.saavn.com/UTTP,45,Online Songs on JioSaavn: Download & Play Latest Music for Free,"India's favourite online music service. Stream or download the latest Hindi MP3 songs now on JioSaavn. Listen to unlimited Hindi songs, top hits, albums, playlists and radio available in English & 14 ","JioSaavn - Listen to New & Old Hindi Songs. Anywhere, Anytime.",,,200,
exact,Xiaohongshu,,,https://www.xiaohongshu.com/user/profile/UTTP,45,小红书 - 你的生活兴趣社区,,,,,200,
exact,Turing,,,https://www.turing.com/UTTP,45,Pardon Our Interruption,,Pardon Our Interruption,,,200,
exact,Renren,,,https://www.renren.com/UTTP,45,人人网,,,,,200,
exact,JioSaavn,,,https://www.jiosaavn.com/UTTP,45,Listen to New Hindi Songs Online Only on JioSaavn.,,Your music.,,,200,
exact,Minecraft,,,https://www.minecraft.net/en-us/profile/user/UTTP,45,Minecraft Account Profile | Manage Your Account Settings | Minecraft,"Manage your Minecraft profile, account settings, and preferences. Access account details and customize your Minecraft experience.",Minecraft Account Profile,,,200,
exact,Feature.fm,,,https://feature.fm/UTTP,45,Feature.fm | The #1 music marketing platform for independent artists,"Deepen your relationship with your fans, promote your music and grow your career as an artist. Music smart links, Pre-Saves, merch, tours and more - all in one place.",Feature.fm | The #1 music marketing platform for independent artists,,,200,
exact,devRant,,,https://devrant.com/users/UTTP,45,"devRant - A fun community for developers to connect over code, tech &amp; life as a programmer",,Join a fun community of developers,,,200,
exact,GDProfiles,,,https://gdprofiles.com/UTTP,45,Gdprofiles,,Gdprofiles,,,200,
exact,QQ,,,https://user.qzone.qq.com/UTTP,45,404,,,,,200,
exact,Skype,,,https://web.skype.com/UTTP,45,Unsupported Browser | Microsoft Teams,,Hmm. Your browser version isn't supported. Quickest solution? Download the desktop app.,,,200,
exact,Line,,,https://line.me/ti/p/UTTP,45,Add LINE friend,,Add LINE friend,,,200,
exact,Fansly,,,https://fansly.com/UTTP,45,Fansly - Start Interacting With Your Fans,Interact with your fans today and start selling content. Sign up today and make a free account.,Fansly.com,,,200,
exact,OnlyFans,,,https://onlyfans.com/UTTP,45,OnlyFans,,,,,200,
exact,KnownOrigin,,,https://knownorigin.io/UTTP,45,KnownOrigin,,KNOWNORIGIN,,,200,
exact,objkt,,,https://objkt.com/UTTP,45,objkt.com,,,,,200,
exact,Sorare,,,https://sorare.com/UTTP,45,Sorare: Own Your Game,,Sorare,,,200,
exact,Grailed,,,https://www.grailed.com/shop/UTTP,45,Grailed: Online Marketplace to Buy Fashion,"Buy, sell and discover digitally verified pieces from top brands, spanning designer, vintage, streetwear and more. Shop men&#x27;s and women&#x27;s clothing on Grailed, the platform for personal style",Grailed: Online Marketplace to Buy Fashion,,,200,
exact,Photobucket,,,https://photobucket.com/user/UTTP,45,Private Group Photo & Video Sharing,,,,,200,
exact,Imgur,,,https://imgur.com/user/UTTP,45,Imgur: The magic of the Internet,,,,,200,
exact,Runkeeper,,,https://runkeeper.com/profile/UTTP,45,Track your runs with Runkeeper - Runkeeper,"Let's run! C'est parti! Vamos! Los geht's! Iniziamo! Track your running, in six new languages!",Track your runs with Runkeeper,,,200,
exact,GuruShots,,,https://gurushots.com/UTTP,45,GuruShots | The World's Greatest Photography Game,"Join GuruShots, the world's leading photography game, and compete in challenges, get inspired by amazing photos, and showcase your work to a global audience.",GuruShots | The World's Greatest Photography Game,,,200,
exact,Crello,,,https://create.vista.com/UTTP,45,"VistaCreate – Free Graphic Design Software with 200,000+ Free Templates","Looking for free graphic design software? Easily create professional designs with VistaCreate, a free design tool with powerful features and 200K+ ready-made templates","VistaCreate – Free Graphic Design Software with 200,000+ Free Templates",,,200,
exact,Chessclub,,,https://www.chessclub.com/forums/member/UTTP,45,Play Chess Online at ICC Chess Club - It is free! | ICC Chess Club,,,,,200,
exact,milliarderr.com,,,https://UTTP.milliarderr.com,45,milliarderr.com,,milliarderr.com,,,200,
exact,Fitbit Community,,,https://community.fitbit.com/people/UTTP,45,Google Health Community,,,,,200,
exact,CanStockPhoto,,,https://www.canstockphoto.com/UTTP,45,Can Stock Photo,,,,,200,
exact,Quotev,,,https://www.quotev.com/UTTP,45,,,,,,200,
exact,EyeEm,,,https://www.eyeem.com/u/UTTP,45,&nbsp;,,,,,200,
exact,Reshot,,,https://www.reshot.com/UTTP,45,Reshot retiring: What’s next for designers?,"Reshot retiring: Envato shutters free icons and illustrations platform. Discover why, and explore how Envato and GraphicsGen can power your next creative project.",Reshot retiring: What’s next for designers?,,,200,
exact,Picography,,,https://picography.co/UTTP,45,Beautiful HD Free Stock Photos (CC0) | Picography,Picography offers gorgeous high-resolution free photos. Our free stock photos can be used for any project. No attribution needed. Download your favorites.,Picography,,,200,
exact,Revue,,,https://revue.co/UTTP,45,,,,,,200,
exact,Locus,,,https://locus.sh/UTTP,45,Locus | End-to-End Logistics Solution for All-Mile Excellence,Turn all-mile logistics into a growth center with Locus’ end-to-end logistics solutions platform for Enterprises through automation and optimization software.,Locus | End-to-End Logistics Solution for All-Mile Excellence,,,200,
exact,Kitsu,,,https://kitsu.io/users/UTTP,45,,,Hey there!,,,200,
exact,Kindle Vella,,,https://www.amazon.com/kindle-vella/UTTP,45,Changes to Kindle Vella - Amazon Customer Service,,,,,200,
exact,Bookwyrm,,,https://bookwyrm.social/user/UTTP,45,Making sure you&#39;re not a bot!,,Making sure you&#39;re not a bot!,,,200,
exact,Neovel,,,https://neovel.io/UTTP,45,PurrFiction - web-novels to binge-read,,,,,200,
exact,Paragraph,,,https://UTTP.paragraph.xyz,45,The media engine for early-stage startups | Paragraph,"Paragraph turns your startup's launches, product updates, customer learnings, and founder thinking into an owned media engine your team approves.",The media engine for early-stage startups | Paragraph,,,200,
exact,ORCID,,,https://orcid.org/UTTP,45,ORCID,,,,,200,
exact,Bento,,,https://bento.me/UTTP,45,"Link in bio tool: Everything you are, in one simple link | Linktree","Join 70M+ creators and sell, share &amp; curate everything you do online. One bio link—your Linktree—brings it all together for your audience.","Link in bio tool: Everything you are, in one simple link | Linktree",,,200,
exact,Stan Store,,,https://stan.store/UTTP,45,Stan - Your Creator Store,We work 1-on-1 with the Top Creators to monetize their business,Stan - Your Creator Store,,,200,
exact,Tinder,,,https://tinder.com/@UTTP,45,"Tinder | Dating, Make Friends &amp; Meet New People","With 55 billion matches to date, Tinder® is the world’s most popular dating app, making it the place to meet new people.","Tinder | Dating, Make Friends &amp; Meet New People",,,200,
exact,Fundrise,,,https://fundrise.com/UTTP,45,Fundrise,,,,,200,
exact,Realtor,,,https://www.realtor.com/realestateagents/UTTP,45,Not available in your region &ndash; realtor.com&reg;,,Looks like you&rsquo;re visiting from Europe,,,200,
exact,Badoo,,,https://badoo.com/profile/UTTP,45,"Best Free Online Dating Site & App - Friends, Chat, Flirt | Badoo","Join Badoo’s community - the best free online dating app. Chat before you match, meet & date people in your area or make new friends from all over the world.","Best Free Online Dating Site & App - Friends, Chat, Flirt | Badoo",,,200,
exact,PlentyOfFish,,,https://www.pof.com/UTTP,45,POF,,,,,200,
exact,Podchaser,,,https://www.podchaser.com/UTTP,45,Podchaser,,,,,200,
exact,Castbox,,,https://castbox.fm/UTTP,45,Best free podcast app for Apple iOS and Android | Let words move you,"Millions of podcasts for all topics. Listen to the best free podcast on Android, Apple iOS, Amazon Alexa, Google Home, Carplay, Android Auto, PC. Create...",Best free podcast app for Apple iOS and Android | Let words move you,,,200,
exact,Stitcher,,,https://www.stitcher.com/UTTP,45,Roadblock,,,,,200,
exact,Hostelworld,,,https://www.hostelworld.com/UTTP,45,Book Cheap Youth Hostels: Top Backpackers Hostels Near me,"Check over 17,000 properties in 179 countries, you're sure to find the perfect youth hostel to stay. Book online and enjoy a memorable experience.",Book Cheap Youth Hostels: Top Backpackers Hostels Near me,,,200,
exact,Zillow,,,https://www.zillow.com/profile/UTTP,45,"Chicago, IL Realtor &amp; Real Estate Agent Reviews | Zillow",,,,,200,
exact,dpaste.org,,,https://dpaste.org/UTTP,45,dpaste - RED ALERT,,,,,200,
exact,HackTheBox,,,https://app.hackthebox.com/users/UTTP,45,Hack The Box,,,,,200,
exact,NVD,,,https://nvd.nist.gov/UTTP,45,NVD - Home,,,,,200,
exact,Detectify,,,https://detectify.com/UTTP,45,Detectify - Application security built and trusted by hackers,"Find what&#39;s exposed and fix what matters, before attackers do. Real-world hacker research at machine speed. Trusted by 2,100+ teams.",Application security built and trusted by hackers | Detectify,,,200,
exact,InVision,,,https://www.invisionapp.com/UTTP,45,AI Innovation Workspace | Miro,"Speed up product development from ideation to launch. Align teams, break tool silos and ship what customers need in one AI-powered visual platform.",AI Innovation Workspace | Miro,,,200,
exact,Vagrant Cloud,,,https://app.vagrantup.com/UTTP,45,HashiCorp Cloud Platform,,,,,200,
exact,Roam Research,,,https://roamresearch.com/#/app/UTTP,45,Roam Research – A note taking tool for networked thought.,"As easy to use as a word document or bulleted list, and as powerful for finding, collecting, and connecting related ideas as a graph database. Collaborate with others in real time, or store all your d",Roam Research – A note taking tool for networked thought.,,,200,
exact,Wynk Music,,,https://wynk.in/music/UTTP,45,Music Online - Listen to Latest Mp3 Songs | Download New &amp; Old Songs | Wynk Music,"Download &amp; Listen to the Latest MP3 songs, Genres of Music &amp; Podcast Online on Wynk Music. Create your Playlist to Enjoy Hindi, English, Bollywood, Regional, Old Songs &amp; much more.",Music Online - Listen to Latest Mp3 Songs | Download New &amp; Old Songs | Wynk Music,,,200,
exact,Anobii,,,https://www.anobii.com/UTTP/profile/activity,45,Condividi la tua passione per la lettura - Anobii,,,,,200,
exact,Pinme,,,https://www.pinme.ru/u/UTTP/,45,Pinme.ru - красивые картинки добра,"Прикольные картинки для доброго настроения. Для детей и взрослых, мужчинам и женщинам. Полный сборник изображений",Пин ми,,,200,
exact,Treehouse,,,https://teamtreehouse.com/UTTP,45,Learn to Code Online with Treehouse | Guided Courses &amp; Techdegree Bootcamps,"Treehouse offers structured coding courses and Techdegree bootcamps in JavaScript, Python, HTML, CSS, AI, and more. Try 7 days free, then $25/month.",Learn to Code Online with Treehouse | Guided Courses &amp; Techdegree Bootcamps,,,200,
exact,Taplink,,,https://taplink.cc/UTTP,45,Link In Bio Tool for Instagram and TikTok - Taplink,Taplink helps you create a high-converting landing page for your business on Instagram in 10 minutes. Use numerous marketing features to increase your sales,Taplink - landing page that drives your sales,,,200,
exact,CS:GO,,,https://leetify.com/public/profile/UTTP,45,Leetify,,Leetify,,,200,
exact,joyreactor.cc,,,https://joyreactor.cc/user/UTTP,45,"Главная - прикольные картинки, мемы, комиксы, гифки на JoyReactor",,,,,200,
exact,Glitch,,,https://glitch.com/@UTTP,45,Glitch Blog,The official blog for glitch.com,Glitch Blog,,,200,
exact,Naver Band,,,https://band.us/@UTTP,45,BAND – The App For Groups,Where Leaders Communicate Better,BAND – The App For Groups,,,200,
exact,Prv.pl,,,https://www.prv.pl/osoba/UTTP,45,"Darmowe domeny, darmowy hosting www",,"Darmowe domeny, darmowy hosting www",,,200,
exact,Twitch,,,https://www.twitch.tv/uttp,45,Twitch,,,,,200,
exact,Overwatch,,,https://www.overbuff.com/players/UTTP,45,Overbuff,,,,,200,
exact,Codédex,,,https://www.codedex.io/@UTTP,45,,,,,,200,
exact,Twitcasting,,,https://twitcasting.tv/UTTP,45,"Twitcast - Watch Live Video Anytime, Anywhere - Stream, Chat, Share and Discover!","Twitcast - Watch Live Video Anytime, Anywhere - Stream, Chat, Share and Discover!",,,,200,
exact,kiabongo.info,,,https://UTTP.kiabongo.info,45,kiabongo.info,,kiabongo.info,,,200,
exact,zoig.com,,,https://zoig.com/profile/UTTP,45,ZOIG.COM - Already a member of ZOIG.COM? Login here.,,,,,200,
exact,Clip Studio Paint,,,https://www.clipstudio.net/UTTP,45,CLIP STUDIO PAINT（クリスタ）| 自由に描けるお絵描きアプリ,誰でも簡単にデジタルイラスト・漫画・アニメーション制作ができるペイントアプリ。描きやすいブラシや便利機能が充実。PC・タブレット・スマホから今すぐ無料で始めよう。,CLIP STUDIO PAINT（クリスタ）| 自由に描けるお絵描きアプリ,,,200,
exact,Cifra Club,,,https://cifraclub.com.br/UTTP,45,Cifra Club - Seu site de cifras e tablaturas,"Cifras e tablaturas de músicas para violão, guitarra, baixo, piano, teclado, bateria e gaita. Possui videoaulas e classificados de professores.",Cifra Club - Seu site de cifras e tablaturas,,,200,
exact,Fedi.lewactwo.pl,,,https://fedi.lewactwo.pl/@UTTP,45,,,,,,200,
exact,Nintendo,,,https://www.reddit.com/user/UTTP,45,Reddit - The heart of the internet,,,,,200,
exact,Crates.io,,,https://crates.io/users/UTTP,45,crates.io: Rust Package Registry,"crates.io serves as a central registry for sharing crates, which are packages or libraries written in Rust that you can use to enhance your projects",crates.io: Rust Package Registry,,,200,
exact,Instagram,,,https://www.instagram.com/UTTP/,45,,,,,,200,
exact,500px,,,https://500px.com/UTTP,45,,,,,,200,
exact,Douyin,,,https://www.douyin.com/user/UTTP,45,,,,,,200,
exact,Ansible Galaxy,,,https://galaxy.ansible.com/UTTP,45,Ansible Galaxy,,,,,200,
exact,Bigo Live,,,https://www.bigolive.tv/UTTP,45,BIGO LIVE - Broadcast &amp; Explore Live Streaming,BIGO LIVE is a leading live streaming community to show your talents and make friends from all around the world. Come and go!,BIGO LIVE - Broadcast &amp; Explore Live Streaming,,,200,
exact,Terraform Registry,,,https://registry.terraform.io/UTTP,45,Terraform Registry,,,,,200,
exact,Game Jolt,,,https://gamejolt.com/@UTTP,45,Game Jolt - Share your creations,,,,,200,
exact,VK Music,,,https://vk.com/audio?owner_id=UTTP,45,,,,,,200,
exact,BandLab,,,https://www.bandlab.com/UTTP,45,BandLab,"The cloud platform where musicians and fans create music, collaborate, and engage with each other across the globe",BandLab - Make Music Online,,,200,
exact,Kompoz,,,https://kompoz.com/UTTP,45,Kompoz - Music Collaboration Platform,"Create music online. Collaborate with musicians and friends around the world. Create crowdsourced new original music from your home studio.  Download and upload music files, such as MP3 and more.",Kompoz - Music Collaboration Platform,,,200,
exact,Splice,,,https://splice.com/UTTP,45,Splice,,,,,200,
exact,Audius,,,https://audius.co/UTTP,45,"Audius — Free Music Streaming for Artists, Labels &amp; Fans",Audius is a music streaming and sharing platform that puts power back into the hands of content creators.,"Audius — Free Music Streaming for Artists, Labels & Fans",,,200,
exact,BeatStars,,,https://www.beatstars.com/UTTP,45,Buy Beats Online | Download Beats | Rap Beats For Sale | Instrumentals For Sale,BeatStars is a digital production marketplace that allows music producers to license and sell beats and give away free beats. Recording artists and songwriters can download beats and distribute their ,Buy Beats Online | Download Beats | Rap Beats For Sale | Instrumentals For Sale,,,200,
exact,Twitch (VOD),,,https://www.twitch.tv/UTTP/videos,45,Twitch,,,,,200,
exact,Excalidraw,,,https://excalidraw.com/UTTP,45,Excalidraw Whiteboard,Excalidraw is a virtual collaborative whiteboard tool that lets you easily sketch diagrams that have a hand-drawn feel to them.,Excalidraw — Collaborative whiteboarding made easy,,,200,
exact,Twitch Clips,,,https://www.twitch.tv/UTTP/clips,45,Twitch,,,,,200,
exact,LinknBio,,,https://linkn.bio/UTTP,45,Linkn Bio,,,,,200,
exact,Shazam Artist,,,https://www.shazam.com/artist/UTTP,45,Ella Langley - Shazam,,,,,200,
exact,ClearVoice,,,https://www.clearvoice.com/UTTP,45,Fiverr | Freelance services marketplace | Find top global talent,"One marketplace, millions of professional services. Browse. Buy. Done.",Fiverr | Find the best global talent,,,200,
exact,Clarity.fm,,,https://clarity.fm/UTTP,45,Clarity &mdash; On Demand Business Advice,Make faster &amp; better decisions to grow your business. Clarity is your lifeline that instantly connects you with battle-tested advice from entrepreneurs. Find and schedule a call in minutes.,Clarity &mdash; On Demand Business Advice,,,200,
exact,MicrosoftLearn,,,https://learn.microsoft.com/en-us/users/UTTP,45,Profile | Microsoft Learn,,Profile,,,200,
exact,DreamStudio,,,https://dreamstudio.ai/UTTP,45,Brand Studio | Creative Production Platform,,,,,200,
exact,Artbreeder Profile,,,https://www.artbreeder.com/browse?type=portrait&user=UTTP,45,Browse - Artbreeder,,,,,200,
exact,BodyBuilding,,,https://bodyspace.bodybuilding.com/UTTP,45,"Bodybuilding Workout App | Online Personal Trainer
 – Bodybuilding.com","Download the Bodybuilding Workout App. Access 1000+ programs, log your gym workouts, and follow personalized routines from your Online Personal Trainer",Bodybuilding Workout App | Online Personal Trainer,174632370335,,200,
exact,Soup,,,https://www.soup.io/author/UTTP,45,Soup.io,"Get the latest news about Technology, Sports, Health, TV shows, Movies, Games and Science at Soup.io",Soup.io,,,200,
exact,Nitro Type,,,https://www.nitrotype.com/racer/UTTP,45,Nitro Type | Competitive Typing Game | Race Your Friends,,Nitro Type | Competitive Typing Game | Race Your Friends,,,200,
exact,Touristlink,,,https://www.touristlink.com/user/UTTP,45,Members across the World,Members across the World,Members across the World,,,200,
exact,Soundgym,,,https://www.soundgym.co/member/profile?m=UTTP,45,SoundGym | Audio Ear Training Online,"Audio ear training for recording musicians and sound engineers. Get a daily sound workout, enhance your listening skills, and get better results in the studio.",SoundGym | Audio Ear Training Online,,,200,
exact,Discord,,,https://discord.com/users/UTTP,45,Discord,"Discord is great for playing games and chilling with friends, or even building a worldwide community. Customize your own space to talk, play, and hang out.",Discord - Group Chat That’s All Fun &amp; Games,,,200,
exact,Pinterest,,,https://www.pinterest.com/UTTP/,45,,,,,,200,
exact,Ello,,,https://ello.co/UTTP,45,Best Non-GamStop Casinos UK - New Sites Not On GamStop,This has led to growing interest in non-GamStop casinos—offshore gambling sites that are not part of the GamStop scheme.,Best Non-GamStop Casinos UK - New Sites Not On GamStop,,,200,
exact,MeWe,,,https://mewe.com/profile/UTTP,45,mewe - The Next-Gen Social Network,Brilliant features with no BS. No Targeted Ads. No Spyware. mewe is the Next-Gen Social Network.,mewe: The best chat &amp; group app with privacy you trust.,,,200,
exact,Likee,,,https://likee.video/UTTP,45,Page Not Available - Likee,Likee is a Short Video Community that allows you to explore more content of your interests and make more like-minded friends.,Likee - Short Video Community,,,200,
exact,Debian Salsa,,,https://salsa.debian.org/UTTP,45,I Challenge Thee,,,,,200,
exact,SendGrid,,,https://sendgrid.com/UTTP,45,SendGrid Email API and Email Marketing Campaigns | Twilio,SendGrid&#39;s trusted email API and marketing campaigns platform is now available through Twilio.com.,SendGrid Email API and Email Marketing Campaigns,,,200,
exact,OSRS Hiscores,,,https://secure.runescape.com/m=hiscore_oldschool/hiscorepersonal?user1=UTTP,45,"RuneScape Online Community - News, Events and more","Join the global RuneScape community today. Find in game events, the latest news and join in the discussion on the RuneScape forum.","RuneScape Online Community - News, Events and more",,,200,
exact,Floatplane,,,https://www.floatplane.com/UTTP,45,Floatplane,,,,,200,
exact,Pluto TV,,,https://pluto.tv/UTTP,45,,,,,,200,
exact,500px,,,https://500px.com/p/UTTP,45,,,,,,200,
exact,Mewe,,,https://mewe.com/UTTP,45,mewe - The Next-Gen Social Network,Brilliant features with no BS. No Targeted Ads. No Spyware. mewe is the Next-Gen Social Network.,mewe: The best chat &amp; group app with privacy you trust.,,,200,
exact,Aggie.io,,,https://aggie.io/UTTP,45,Magma – Multiplayer art platform for Art Jams and creative workflows,"Create on a shared canvas in real time. Magma is a drawing platform for artists and teams to sketch, collaborate, and grow together.",Magma – Multiplayer art platform for Art Jams and creative workflows,,,200,
exact,Panzoid,,,https://panzoid.com/UTTP,45,Panzoid,,,,,200,
exact,Brusheezy,,,https://www.brusheezy.com/members/UTTP,45,Free Photoshop Brushes at Brusheezy!,Download millions of free and premium photoshop resources instantly.,Photoshop resources for everyone.,,,200,
exact,Play.md,,,https://play.md/profile/UTTP,45,Play.md - ведущий видеохостинг Молдовы. Смотрите видео онлайн бесплатно,ведущий видеохостинг Молдовы. Смотрите видео онлайн бесплатно,Play.md,,,200,
exact,Mixupload,,,https://mixupload.com/UTTP,45,Record pool for DJs on Mixupload - the best MP3 music pool,Site where djs find music for their sets and parties. Download more than 1.5 million tracks in HQ without limits by subscription.,Mixupload - Portal for professional DJs,,,200,
exact,Anonup,,,https://anonup.com/@UTTP,45,AnonUp,,Login to AnonUp,,,200,
exact,Bentbox,,,https://bentbox.co/UTTP,45,BentBox - Age Verification,BentBox is the best place to sell your photos and videos.,Age Verification - BentBox,,,200,
exact,Castingcallclub,,,https://www.castingcall.club/UTTP,45,Nothing here &middot; Casting Call Club,,"Well, this page is gone.",,,200,
exact,Fotka,,,https://api.fotka.com/v2/user/dataStatic?login=UTTP,45,,,,,,200,
exact,Mcbans,,,https://www.mcbans.com/player/UTTP/,45,MCBans .::. The Fair Global Banning System for Minecraft,,,,,200,
exact,PornhubPornstars,,,https://www.pornhub.com/pornstar/UTTP,45,Top Pornstars and Models In Full-Length Free Sex Videos &#124; Pornhub,,,,,200,
exact,Skeb.jp,,,https://skeb.jp/@UTTP,45,Skeb - Request Box,Request Box,Skeb,,,200,
exact,Tldrlegal.com,,,https://tldrlegal.com/users/UTTP/,45,TLDRLegal - Software Licenses Explained in Plain English,Lookup open source licenses summarized &amp; explained in plain English.,TLDRLegal - Software Licenses Explained in Plain English,,,200,
exact,Viddler,,,https://www.viddler.com/channel/UTTP/,45,Viddler - Simple Video Hosting,"Simple, private, ad-free video hosting for your business. Embed videos on your website, app, or help center, and see who watched.",Viddler - Simple Video Hosting,,,200,
exact,Wego.social,,,https://wego.social/UTTP,45,HOKI178: Situs Slot Online Gacor Terpercaya Rtp Daftar Link Slot88 Terbaik Hari Ini,HOKI178 adalah situs slot online terpercaya server terbaik yang berkolaborasi bersama agen slot88 resmi menghadirkan daftar link slot gacor hari ini terbaru dengan rtp live dan apk gampang menang leng,HOKI178: Situs Slot Online Gacor Terpercaya Rtp Daftar Link Slot88 Terbaik Hari Ini,,,200,
exact,Zbiornik.com,,,https://mini.zbiornik.com/UTTP,45,Wyszukiwarka profili,"Zbiornik Mini — mobilna wersja portalu Zbiornik. Przeglądaj profile, zdjęcia, filmy, grupy dyskusyjne i czat na żywo.",Mini Zbiornik — portal społecznościowy dla dorosłych,,,200,
exact,Zmarsa.com,,,https://zmarsa.com/uzytkownik/UTTP/glowna/,45,Polskie Sex Filmiki i Zdjęcia Erotyczne - zMarsa.com,"Największy w Polsce zbiór zdjęć, gifów i filmików +18",zMarsa.com - Najlepsze zdjęcia lasek w internecie,,,200,
exact,memory.lol,,,https://api.memory.lol/v1/tw/UTTP,45,,,,,,200,
exact,ContactInBio (URL),,,http://allmy.link/UTTP,45,,,,,,200,
exact,fanscout.com,,,https://fanscout.com/UTTP,45,Fanscout — every answer your socials have been hiding from you,,,,,200,
exact,www.gta-multiplayer.cz,,,https://www.gta-multiplayer.cz/en/profile/UTTP/gaming,45,,,,,,200,
exact,habbo.com.tr,,,https://www.habbo.com.tr/profile/UTTP,45,Habbo,"Habbo, gezegendeki en popüler sanal dünyalardan biri! Yeni kişilerle tanış ve arkadaşlar edin, ayrıca kullanıcılar tarafından oluşturulan çok sayıda hastaneler, polis karakolları ve istihbarat teşkila",Habbo,,,200,
exact,habbo.com.br,,,https://www.habbo.com.br/profile/UTTP,45,Habbo,"O Habbo Hotel é um dos mundos virtuais mais populares do planeta! Conheça novas pessoas e faça novos amigos, além de vários grupos de RPG criados por usuários focados em hospitais, delegacias de políc",Habbo,,,200,
exact,Eurogamer,,,https://www.eurogamer.net/profiles/UTTP,45,Sunsetting the Eurogamer forum | Eurogamer.net,"Hi gang,",Sunsetting the Eurogamer forum,,,200,
exact,Favera,,,https://favera.ru/UTTP,45,Demiurge Ash — Code & Art,,Demiurge Ash,,,200,
exact,Freelanced,,,https://www.freelanced.com/UTTP,45,,,,,,200,
exact,Ninjakiwi,,,https://ninjakiwi.com/profile/UTTP,45,Ninja Kiwi,,,,,200,
exact,OpenNet,,,https://www.opennet.ru/~UTTP,45,,,,,,200,
exact,Skypli,,,https://www.skypli.com/profile/UTTP,45,MPO1221RESMI - Gudang Permainan Terbaru Dengan Link Akses Alternatif,MPO1221 merupakan gudang link resmi terpercaya tanpa tambahan biaya extra fee. Main di semua permainan bebas akses dimanapun.,MPO1221RESMI - Gudang Permainan Terbaru Dengan Link Akses Alternatif,,,200,
exact,Subeta,,,https://subeta.net/users/UTTP,45,"Subeta — still here, still ours. - Subeta","Adopt pets, dress them up, explore shops and quests, and meet a community that has been here since 2004. Welcome to Subeta.",Subeta — a virtual pet world since 2004,,,200,
exact,T-MobileSupport,,,https://support.t-mobile.com/people/UTTP,45,"T-Mobile Support: Help with Devices, Plans, Billing &amp; More",,"T-Mobile Support: Help with Devices, Plans, Billing & More",,,200,
exact,VKFaces,,,https://vkfaces.com/vk/user/UTTP,45,Chicken Hammer,,Chicken Hammer,,,200,
exact,Yelp (by id),,,https://www.yelp.com/user_details?userid=UTTP,45,,,,,,200,
exact,reactos.org,,,https://reactos.org/wiki/User:UTTP,45,Making sure you&#39;re not a bot!,,Making sure you&#39;re not a bot!,,,200,
exact,Discord Server,,,https://discord.gg/UTTP,45,Discord,"Discord is great for playing games and chilling with friends, or even building a worldwide community. Customize your own space to talk, play, and hang out.",Discord - Group Chat That’s All Fun &amp; Games,,,200,
exact,Signal,,,https://signal.me/UTTP,45,Contact on Signal,Follow this link to message on Signal.,Signal Messenger Contact,,,200,
exact,Threema,,,https://threema.id/UTTP,45,Threema &ndash; Secure Communication For Individuals and Companies,"The secure instant messenger from Switzerland. GDPR-compliant messaging for individuals and organizations that value privacy, security and data protection.",Secure Communication For Individuals and Companies,,,200,
exact,AlienVault OTX,,,https://otx.alienvault.com/UTTP,45,LevelBlue - Open Threat Exchange,"Learn about the latest cyber threats. Research, collaborate, and share threat intelligence in real time. Protect yourself and the community against today's emerging threats.",LevelBlue - Open Threat Exchange,,,200,
exact,Un PAC Me,,,https://www.unpac.me/UTTP,45,,,,,,200,
exact,Wappalyzer,,,https://www.wappalyzer.com/UTTP,45,Wappalyzer,,,,,200,
exact,Open Startup,,,https://openstartup.com/UTTP,45,OpenStartup.com is for sale - Premium  Domain,OpenStartup.com - a great premium domain available for sale.,OpenStartup.com is for sale - Premium  Domain,,,200,
exact,Windy,,,https://www.windy.com/UTTP,45,Windy: Wind map &amp; weather forecast,"50+ weather layers, weather radar and satellite",Professional weather forecast,,,200,
exact,Dark Sky,,,https://darksky.net/UTTP,45,Feature availability and data sources in the Weather app - Apple Support,Learn more about regional availability and data sources for features in the Weather app.,Feature availability and data sources in the Weather app - Apple Support,,,200,
exact,Snusbase,,,https://snusbase.com/UTTP,45,Snusbase - Database Search Engine,Snusbase makes it easy to stay on top of the latest database breaches and makes sure you and your closest stay safe online.,Snusbase Database Search Engine,,,200,
exact,CastNetwork,,,https://www.castnetwork.com/UTTP,45,,,,,,200,
exact,Inkstinct,,,https://inkstinct.com/UTTP,45,,,,,,200,
exact,WorldCosplay,,,https://worldcosplay.net/en/members/UTTP,45,ONICTOGEL | ONIC TOGEL,,,,,200,
exact,Reddit User,,,https://old.reddit.com/user/UTTP,45,Welcome to Reddit,,,,,200,
exact,Adobe,,,https://portfolio.adobe.com/UTTP,45,Adobe Portfolio | Build your own personalized website,Quickly and simply build a personalized website to showcase your creative work with Adobe Portfolio. Now included free with any Creative Cloud subscription.,Adobe Portfolio,,,200,
exact,Wish,,,https://www.wish.com/profile/UTTP,45,| Wish,,| Wish,,,200,
exact,Primal,,,https://primal.net/UTTP,45,Primal,Live Free,Primal,,,200,
exact,Snort Social,,,https://snort.social/UTTP,45,Snort - Nostr,"Snort is a feature-packed, decentralized social media client built on Nostr protocol. Fast, censorship-resistant, and open source.",Snort - Nostr,,,200,
exact,Hiveway,,,https://hives.io/UTTP,45,,,,,,200,
exact,Steem Engine,,,https://steemengine.com/UTTP,45,,,,,,200,
exact,Mintscan,,,https://www.mintscan.io/UTTP,45,Mintscan,Interchain block explorer and data analytics for sovereign blockchain networks.,Mintscan,,,200,
exact,Gods Unchained,,,https://godsunchained.com/UTTP,45,Gods Unchained,"OUTPLAY, OUTTHINK, OUTBUILD your opponents. Play for free, play for keeps, and trade your rewards. Play Now.",Gods Unchained TCG,,,200,
exact,Splinterlands,,,https://splinterlands.com/UTTP,45,"Splinterlands - Collect, Trade, Battle!",,,,,200,
exact,Podcast Index,,,https://podcastindex.org/UTTP,45,Podcastindex.org,"The Podcast Index is here to preserve, protect and extend the open, independent podcasting ecosystem.",Podcastindex.org,,,200,
exact,DEX Gurus,,,https://dex.guru/UTTP,45,DexGuru,Guru️ knows a thing or two about what is going on at AMM DEXs,DexGuru - DeFi Trading Terminal,,,200,
exact,Coinbase Wallet,,,https://wallet.coinbase.com/UTTP,45,Coinbase Wallet | Trade &amp; Earn,Coinbase Wallet | Trade &amp; Earn,It pays to be here,,,200,
exact,Gem.xyz,,,https://gem.xyz/UTTP,45,"OpenSea, exchange everything — token trading and NFT marketplace","OpenSea, exchange everything — token trading and NFT marketplace. Welcome to the best place to discover, trade, and create onchain.","OpenSea, exchange everything — token trading and NFT marketplace",,,200,
exact,1inch,,,https://app.1inch.io/UTTP,45,1inch | Swap Crypto Tokens at the Best Rates in DeFi,Swap crypto &amp; tokens at the best rates across 18+ chains. The 1inch swap aggregator is your gateway to secure and efficient DeFi.,1inch | Swap Crypto Tokens at the Best Rates in DeFi,,,200,
exact,MapMyHike,,,https://www.mapmyhike.com/athlete/UTTP,45,MapMyRun — Run Smarter,"MapMyRun is the #1 running GPS app with training plans, challenges, and largest database of the best places to run.",MapMyRun — Run Smarter,,,200,
exact,Athlinks,,,https://www.athlinks.com/UTTP,45,Athlinks,,,,,200,
exact,Intervals.icu,,,https://intervals.icu/UTTP,45,Intervals.icu,,,,,200,
exact,Athlinks Events,,,https://www.athlinks.com/event/UTTP,45,Athlinks,,,,,200,
exact,Pure,,,https://www.pure.app/UTTP,45,Open-Minded Dating App. : PURE.APP,,,,,200,
exact,Sapio,,,https://sapioapp.com/UTTP,45,Sapio,,,,,200,
exact,AnkiWeb,,,https://ankiweb.net/shared/info/UTTP,45,,,,,,200,
exact,iTalki,,,https://www.italki.com/UTTP,45,italki: Learn a language online,The italki Language Challenge is a 45 day challenge where learners take lessons and earn rewards for hitting their language goals. Sign up free now!,Surge past your language limits in 45 days and win rewards.,,,200,
exact,SEC EDGAR,,,https://www.sec.gov/cgi-bin/browse-edgar?action=getcompany&company=UTTP,45,EDGAR Search Results,,EDGAR Company Search Results,,,200,
exact,USASpending,,,https://www.usaspending.gov/UTTP,45,USAspending.gov,,,,,200,
exact,CaravanSites,,,https://www.caravansites.co.uk/UTTP,45,,,,,,200,
exact,Anyplace,,,https://anyplace.io/UTTP,45,,,,,,200,
exact,Getaround,,,https://www.getaround.com/UTTP,45,Local Car Hire and Carsharing - Getaround,"Rent a car in an instant, open the car with the Getaround app, #1 for carsharing! 24/7. 200mi/day and insurance included.",Local Car Hire and Carsharing,,,200,
exact,Plann,,,https://www.plann.com/UTTP,45,,,,,,200,
exact,Polarsteps,,,https://polarsteps.com/UTTP,45,Polarsteps - Automatic Travel Tracker - Explore. Dream. Discover.,Polarsteps is the personal travel log in your pocket.,Polarsteps,,,200,
exact,Signal Group,,,https://signal.me/#p/UTTP,45,Contact on Signal,Follow this link to message on Signal.,Signal Messenger Contact,,,200,
exact,Wickr,,,https://wickr.com/UTTP,45,Secure End-to-End Encrypted Communication Application– AWS Wickr – Amazon Web Services (AWS),"AWS Wickr delivers end-to-end encrypted communication with military-grade security. Enable secure messaging, voice, video &amp; file sharing while maintaining compliance &amp; seamless collaboration.",Secure End-to-End Encrypted Communication Application – AWS Wickr – Amazon Web Services,,,200,
exact,Element Call,,,https://call.element.io/UTTP,45,Element Call,You're invited to join a call on Element Call,Element Call,,,200,
exact,What Hi-Fi?,,,https://www.whathifi.com/users/UTTP,45,What Hi-Fi? | Tech news and reviews,,,,,200,
exact,Comet ML,,,https://www.comet.com/UTTP,45,Comet | Supercharging Machine Learning,"Comet lets you track code, experiments, and results on ML projects. It’s fast, simple, and free for open source projects.",Comet - Supercharging Machine Learning,,,200,
exact,RStudio Cloud,,,https://rstudio.cloud/UTTP,45,Posit Cloud,,"Posit Cloud - Do, share, teach, and learn data science",,,200,
exact,DB Fiddle,,,https://www.db-fiddle.com/UTTP,45,DB Fiddle - SQL Database Playground,,,,,200,
exact,Postman Public Workspace,,,https://www.postman.com/UTTP,45,Postman,,,,,200,
exact,Raspberry Pi Projects,,,https://projects.raspberrypi.org/UTTP,45,,,,,,200,
exact,Elektronaut,,,https://www.reddit.com/user/UTTP/,45,Reddit - The heart of the internet,,,,,200,
exact,Ventusky,,,https://www.ventusky.com/UTTP,45,"Ventusky - Weather Forecast, Radar and Wind Maps | Ventusky",See the weather like never before – live weather maps powered by the most accurate models.,Ventusky - Live Weather Forecast & Radar Maps,,,200,
exact,ClimaTempo,,,https://www.climatempo.com.br/UTTP,45,Climatempo - OPS... Página não encontrada!,,Climatempo,,,200,
exact,Zoom Earth,,,https://zoom.earth/UTTP,45,Zoom Earth | Weather Map & Hurricane Tracker,"Interactive weather & radar map. Track hurricanes, cyclones, storms. View LIVE satellite images, rain maps, forecast maps of wind, temperature for your location.",Zoom Earth | Weather Map & Hurricane Tracker,,,200,
exact,Windy Webcams,,,https://www.windy.com/webcams/UTTP,45,Windy: Wind map &amp; weather forecast,"50+ weather layers, weather radar and satellite",Professional weather forecast,,,200,
exact,Webcams.travel,,,https://www.webcams.travel/UTTP,45,Windy: Wind map &amp; weather forecast,"50+ weather layers, weather radar and satellite",Professional weather forecast,,,200,
exact,Windy Alerts,,,https://www.windy.com/alerts/UTTP,45,Windy: Wind map &amp; weather forecast,"50+ weather layers, weather radar and satellite",Professional weather forecast,,,200,
exact,DarkOwl,,,https://darkowl.com/UTTP,45,AI-Assisted Dark Web Threat Intelligence &amp; Darknet Data | DarkOwl,Darknet data provider offering access to the worlds largest dataset of darknet and deep web content.,Dark Web Monitoring &amp; Intelligence | DarkOwl,,,200,
exact,Podcast Index,,,https://podcastindex.org/podcast/UTTP,45,Podcastindex.org,"The Podcast Index is here to preserve, protect and extend the open, independent podcasting ecosystem.",Podcastindex.org,,,200,
exact,Podchaser Creator,,,https://www.podchaser.com/creator/UTTP,45,Creator of 2026 | Podchaser,Search our huge podcast database to find your new favorite.,Creator of 2026,,,200,
exact,Wayback Machine,,,https://web.archive.org/web/*UTTP,45,Wayback Machine,,,,,200,
exact,CachedView,,,https://cachedview.nl/UTTP,45,CachedView,,CachedView,,,200,
exact,MangaPlus,,,https://mangaplus.shueisha.co.jp/UTTP,45,MANGA Plus by SHUEISHA,,,,,200,
exact,WebToon,,,https://www.webtoons.com/UTTP,45,"WEBTOON - Read Comics, Manga &amp; Manhwa",Enjoy every day of your life with the NO. 1 comics app with millions of users worldwide.,WEBTOON,,,200,
exact,Bangumi,,,https://bangumi.tv/user/UTTP,45,Bangumi 番组计划,,,,,200,
exact,Archive.org Profile,,,https://archive.org/details/@UTTP,45,"Internet Archive: Digital Library of Free &amp; Borrowable Texts, Movies, Music &amp; Wayback Machine",,,,,200,
exact,Edelweiss,,,https://www.edelweiss.plus/UTTP,45,,,,,,200,
exact,Century 21,,,https://www.century21.com/UTTP,45,C21 loading...,,,,,200,
exact,Snake Forum,,,https://www.snakeforums.com/UTTP,45,,,,,,200,
exact,Feedly,,,https://feedly.com/UTTP,45,Stay ahead of the curve with Feedly AI,"Welcome to Feedly — the platform where businesses and curious minds stay ahead of the curve! We're passionate about helping teams track competitors, discover new trends, and research emerging security",Stay ahead of the curve with Feedly AI,,,200,
exact,Instapaper,,,https://www.instapaper.com/UTTP,45,Instapaper,"A simple tool for saving web pages to read later on iOS, Android, computer, or eReaders.",,,,200,
exact,TD Ameritrade,,,https://www.tdameritrade.com/UTTP,45,"TD Ameritrade, Inc. is now at Schwab | Charles Schwab",,"TD Ameritrade, Inc. is now at Schwab",,,200,
exact,Happy Cow,,,https://www.happycow.net/UTTP,45,,,,,,200,
exact,Barrel Aged,,,https://www.barrel-aged.com/UTTP,45,,,,,,200,
exact,Barista,,,https://barista.app/UTTP,45,,,,,,200,
exact,BoardX,,,https://www.boardx.us/UTTP,45,BoardX / WorkspaceX — The Autonomous Co-Intelligence Operating System,,,,,200,
exact,Juejin,,,https://juejin.cn/user/UTTP,45,,,,,,200,
exact,community.adobe.com,,,https://community.adobe.com/t5/forums/searchpage/tab/user?q=UTTP,45,,,,,,200,
exact,Dryad,,,https://datadryad.org/search?q=UTTP,45,Validating...,,Validating...,,,200,
exact,Trello,,,https://trello.com/UTTP,45,Trello,,,,,200,
exact,Diveforum,,,https://diveforum.spb.ru/profile.php?mode=viewprofile&u=UTTP,45,Дайвинг в Санкт–Петербурге ::,,Срочные объявления!!!,,,200,
exact,NGA,,,https://bbs.nga.cn/nuke.php?func=ucp&username=UTTP,45,NGA,,,,,200,
exact,Diigo,,,https://www.diigo.com/interact_api/load_profile_info?name=UTTP,45,,,,,,200,
exact,WikimapiaSearch,,,http://wikimapia.org/user/tools/users_rating/?username=UTTP,45,,,,,,200,
exact,123rf,,,https://ru.123rf.com/profile_UTTP,45,"Фотобанк 123RF - Стоковые Фото, Векторы, Видеоролики. Подписка на Фото. Royalty Free контент","Фотобанк 123RF - более 16 миллионов качественных фотографий, векторных иллюстраций и видеороликов, стоимостью от 6 рублей!","Фотобанк 123RF - Стоковые Фото, Векторы, Видеоролики. Подписка на Фото. Royalty Free контент",,,200,
exact,Freelancer.com,,,https://www.freelancer.com/api/users/0.1/users?usernames%5B%5D=UTTP&compact=true,45,,,,,,200,
exact,Fotki,,,https://members.fotki.com/UTTP/about/,45,Making sure you&#39;re not a bot!,,Making sure you&#39;re not a bot!,,,200,
exact,Proza.ru,,,https://www.proza.ru/avtor/UTTP,45,.,,,,,200,
exact,blogs.klerk.ru,,,https://blogs.klerk.ru/users/UTTP/,45,,,,,,200,
exact,Championat,,,https://www.championat.com/user/UTTP,45,Авторизация SberID,,,,,200,
exact,Stihi.ru,,,https://www.stihi.ru/avtor/UTTP,45,.,,,,,200,
exact,Gribnikikybani,,,http://gribnikikybani.mybb.ru/search.php?action=search&keywords=&author=UTTP,45,,,,,,200,
exact,Aufeminin,,,https://www.aufeminin.com/profile/UTTP,45,"aufeminin.com - Mode femme, Beauté femmes, Maman, Mariage, Psycho...","Mode femme, Beauté femmes, Maman, Mariage, Psycho...",aufeminin.com,,,200,
exact,Guns.ru,,,https://forum.guns.ru/forummisc/show_profile/00098415?username=UTTP,45,Guns.ru Talks,,,,,200,
exact,picturepush.com,,,https://UTTP.picturepush.com/,45,Photo Upload and Online Photo Albums - PicturePush,,,,,200,
exact,Livejasmin,,,https://www.livejasmin.com/en/girls/#!chat/UTTP,45,Live Sex Cams & Adult Chat with Webcam Girls | LiveJasmin,"Chat for FREE on LiveJasmin and watch HD Live Sex cam shows! 2000+ Models are waiting for You, no registration required.",Live Sex Cams & Adult Chat with Webcam Girls | LiveJasmin,,,200,
exact,EuroFootball,,,https://www.euro-football.ru/user/UTTP,45,Авторизация / Евро-Футбол.ру,,,,,200,
exact,SportsTracker,,,https://www.sports-tracker.com/view_profile/UTTP,45,Sports Tracker,Sports Tracker turns your mobile into a social sports computer,"Sports Tracker - the original sports app with maps and GPS tracker for running, cycling, fitness, wo",,,200,
exact,SeoClerks,,,https://www.seoclerks.com/user/UTTP,45,"SEO Marketplace for backlinks, web design, website traffic, and online marketing  - SEOClerks",,,,,200,
exact,sibmama,,,https://forum.sibmama.ru/profile.php?mode=viewprofile&u=UTTP,45,"::  -  ,",,,,,200,
exact,Qwas,,,http://forum.qwas.ru/search.php?keywords=&terms=all&author=UTTP,45,Информация - Политический форум на QWAS.RU,,Информация,,,200,
exact,Hpc,,,https://hpc.ru/board/search.php?keywords=&terms=all&author=UTTP,45,HPC.ru - Информация,,HPC.ru,,,200,
exact,HSX,,,https://www.hsx.com/profile/UTTP,45,Hollywood Stock Exchange - Region Not Available,,,,,200,
exact,Flashflashrevolution,,,http://www.flashflashrevolution.com/profile/UTTP/,45,Profile Search --,Flash Flash Revolution Rhythm and Music Games,Profile Search -- FlashFlashRevolution,,,200,
exact,DonatePay,,,https://donatepay.ru/don/UTTP,45,DonatePay - Сервис для приема пожертвования на стримах,,Как начать принимать донаты через ДонатПэй,,,200,
exact,Planetaexcel,,,https://www.planetaexcel.ru/forum/index.php?PAGE_NAME=profile_view&UID=UTTP,45,Making sure you&#39;re not a bot!,,Making sure you&#39;re not a bot!,,,200,
exact,TurPravda,,,https://www.turpravda.com/profile/UTTP,45,Ошибка 404. Страница не найдена,,Ошибка 404. Страница не найдена,,,200,
exact,Aqa,,,https://www.aqa.ru/forum/member.php?action=viewpro&member=UTTP,45,aqa.ru,,,,,200,
exact,sanatorii,,,http://forum.sanatorii.by/search.php?keywords=&terms=all&author=UTTP,45,Санатории Беларуси Белоруссии &bull; Информация,,,,,200,
exact,yamaya.ru,,,https://yamaya.ru/profile/?UTTP,45,|   2026-2027 |,",   .  ,    .               .",,,,200,
exact,Spaces,,,https://spaces.im/mysite/index/UTTP/,45,Загрузка...,,,,,200,
exact,qna.center,,,https://qna.center/user/UTTP,45,Сервис вопросов и ответов,,,,,200,
exact,Maccentre,,,https://maccentre.ru/board/profile.php?mode=viewprofile&u=UTTP,45,MacCentre.ru  ::,,,,,200,
exact,Alushta24,,,https://alushta24.org/user/UTTP/,45,Список пользователей по рейтингу,Список пользователей по рейтингу,Список пользователей по рейтингу,,,200,
exact,Aback,,,https://aback.com.ua/user/UTTP,45,,,,,,200,
exact,Anime.web.tr,,,http://www.anime.web.tr/yazar/UTTP/,45,Anime Manga Forum,,,,,200,
exact,Blogi.pl,,,"https://www.blogi.pl/osoba,UTTP.html",45,,,Blogi.pl,,,200,
exact,Derevnyaonline,,,https://derevnyaonline.ru/user/UTTP,45,Деревенский портал: Ваш гид по жизни и работе на природе,,"Деревенский портал — место встречи для тех, кто живет и трудится на природе или только собирается из",,,200,
exact,Naturalnews,,,https://naturalnews.com/author/UTTP/,45,The world's top new source on natural health - NaturalNews.com,The world's top new source on natural health - NaturalNews.com,The world's top new source on natural health - NaturalNews.com,,,200,
exact,Otechie,,,https://otechie.com/UTTP,45,,,,,,200,
exact,Radio-uchebnik,,,http://radio-uchebnik.ru/forum/search.php?keywords=&terms=all&author=UTTP,45,ФОРУМ ПО ЭЛЕКТРОНИКЕ &bull; Информация,,ФОРУМ ПО ЭЛЕКТРОНИКЕ,,,200,
exact,Rngf,,,http://www.rngf.ru/profile.php?mode=viewprofile&u=UTTP,45,'-    :,,,,,200,
exact,RoyalCams,,,https://royalcams.com/profile/UTTP,45,Watch the Sexiest and Wildest Adult Cam Models on RoyalCams.com,"Looking to spend some time with gorgeous and seductive cam models? Come and check out our extensive model selection at RoyalCams.com, the number one adult cams site for LIVE one-on-one kinky interacti",Watch the Sexiest and Wildest Adult Cam Models on RoyalCams.com,,,200,
exact,Salon24.pl,,,https://www.salon24.pl/u/UTTP/,45,"Salon24 - Blogi, wiadomości, opinie i komentarze",,,,,200,
exact,Thegatewaypundit,,,https://www.thegatewaypundit.com/author/UTTP/,45,"The Gateway Pundit • Where Hope Finally Made A Comeback • Conservative news and commentary covering breaking politics, elections, free speech, culture","Conservative news and commentary covering breaking politics, elections, free speech, culture, investigative journalism, and current events",The Gateway Pundit • Where Hope Finally Made A Comeback • Conservative news and commentary covering ,,,200,
exact,Voice123,,,https://voice123.com/api/providers/search/UTTP,45,,,,,,200,
exact,www.dateamillionaire.com,,,https://www.dateamillionaire.com/members/UTTP,45,Date A Millionare | Wealthy Singles Near You,Date A Millionaire is the number one dating site for rich single men and women looking to find their soulmate. Join us today and find singles near you!,Date A Millionare | Wealthy Singles Near You,,,200,
exact,Revolut.me,,,https://revolut.me/UTTP,45,Revolut.Me,Pay or get paid easily with payment links! Use any card to pay or any bank account to get paid.,Revolut.Me,,,200,
exact,Chiphell,,,https://www.chiphell.com/home.php?mod=space&username=UTTP,45,,,,,,200,
exact,Bahamut,,,https://home.gamer.com.tw/profile/index.php?owner=UTTP,45,,,,,,200,
exact,offroad-forum.de,,,https://offroad-forum.de/memberlist.php?username=UTTP,45,Das Offroad Forum: Mitgliederliste,,,,,200,
exact,forum.vinograd.info,,,https://forum.vinograd.info/member.php?username=UTTP,45,'-,,,,,200,
exact,33bru,,,http://UTTP.33bru.com/,45,33bru.com,,,,,200,
exact,3ddd,,,https://3ddd.ru/users/UTTP,45,3D модели для дизайна и архитектуры – скачать на 3ddd,"Миллион 3D моделей для интерьеров и экстерьеров: мебель, декор, техника, растения и другие категории. Скачивай бесплатно или покупай по фиксированной цене. Формат 3ds Max. Рендер-движки: V-Ray, Corona",3D модели для дизайна и архитектуры – скачать на 3ddd,,,200,
exact,AMUR,,,https://apteka.ee/user/id/UTTP/,45,Apteka.ee,,,,,200,
exact,AdultFriendFinder,,,https://adultfriendfinder.com/profile/UTTP,45,AdultFriendFinder – ’s Werelds Grootste Website voor Dating en Sociale Ontdekking,,,,,200,
exact,AllTheSoft,,,http://www.allthesoft.com/member/UTTP.html,45,AllTheSoft.com is for sale | HugeDomains,"Get full access to this domain. Easy, seamless transactions. Zero percent financing available.",AllTheSoft.com is for sale | HugeDomains,,,200,
exact,Autolenta,,,https://community.autolenta.ru/profile/UTTP,45,"Автоновости. Новинки и премьеры, последние автомобильные новости на Autolenta.ru",,,,,200,
exact,Belmos,,,https://www.belmos.ru/forum/search.php?keywords=&terms=all&author=UTTP,45,Белорусский форум - Беларусь - Информация,,,,,200,
exact,Bethepro,,,https://bethepro.com/members/UTTP/,45,Bosch Power Tools | Boschtools,Bosch Power Tools | Boschtools,Bosch Power Tools | Boschtools,,,200,
exact,Bibsonomy,,,https://www.bibsonomy.org/user/UTTP,45,BibSonomy,,BibSonomy,,,200,
exact,CardingForum,,,https://cardingforum.co/members/?username=UTTP,45,cardingforum.co,,cardingforum.co,,,200,
exact,Cloob,,,https://www.cloob.com/name/UTTP,45,Cloob,"Cloob was a Persian-language social networking website, mainly popular in Iran. It was launched on 21 December 2004 and deactivated on 6 August 2021.",Cloob,,,200,
exact,Dmyt,,,https://dmyt.ru/forum/search.php?keywords=&terms=all&author=UTTP,45,Vodka Casino - Официальный сайт онлайн казино. Вход и регистрация в Водка Казино.,"🎰 Vodka Casino - Официальный сайт онлайн казино 🎲 Вход и регистрация в Водка Казино 🍸 Играйте и выигрывайте с Vodka Bet 💰 Бонусы, акции и захватывающие игры ждут вас!",Vodka Casino - Официальный сайт онлайн казино. Вход и регистрация в Водка Казино.,,,200,
exact,F3.cool,,,https://f3.cool/UTTP/,45,,,,,,200,
exact,Fegatch,,,http://www.fegatch.com/users/UTTP/artworks/,45,Fegatch.com is for sale | HugeDomains,Secure the right domain name for your business or website today. Custom tailored payment plans available to fit any budget.,Fegatch.com is for sale | HugeDomains,,,200,
exact,Flbord,,,https://flbord.com/user/UTTP/,45,Grafana,,If you're seeing this Grafana has failed to load its application files,,,200,
exact,Forumprawne.org,,,https://forumprawne.org/members/UTTP.html,45,ForumPrawne.org,"Bezpłatne porady prawne, pomoc prawna z dziedzin: prawo prywatne, publiczne i ponadkrajowe: Dyskusyjne Forum Prawne.",ForumPrawne.org,795527,,200,
exact,Forumreligions,,,https://forumreligions.ru/search.php?action=search&keywords=&author=UTTP,45,,,'-,,,200,
exact,Gays,,,https://www.gays.com/p/UTTP/,45,Hot gay and bisexual men near you on Gays.com.,,Dating on Gays.com,,,200,
exact,Google Plus (archived),,,https://web.archive.org/web/*/plus.google.com/UTTP*,45,Wayback Machine,,,,,200,
exact,Gps-data-team,,,https://www.gps-data-team.com/pda-gps-navigation/profile.php?mode=viewprofile&u=UTTP,45,Business Listings - Add POI,,Business Directory: Local Business Listing,,,200,
exact,Gribnyemesta,,,https://gribnyemesta.unoforum.pro/?32-UTTP,45,Unoforum Pro,,Unoforum Pro,,,200,
exact,Kerch Forum,,,http://forum.kerch.com.ru/search/?q=UTTP,45,Загрузка...,,,,,200,
exact,Livios,,,https://www.livios.be/nl/forum/leden/UTTP,45,Livios stopt — expertise leeft verder bij Mijnenergie,"A webpage displaying a waving hand animation, Livios logo, and contact information.",Livios,,,200,
exact,Lushstories,,,https://www.lushstories.com/UTTP,45,Verify your age | Lush Stories,,,,,200,
exact,Mag-portal,,,https://mag-portal.ru/search.php?keywords=&terms=all&author=UTTP,45,Форум Магии и Волшебства - Портал для обмена опытом и общения с единомышленниками,,Форум Магии и Волшебства,,,200,
exact,Magix,,,https://www.magix.info/us/users/profile/UTTP/,45,Login | MAGIX Community,Already registered? Log in here. Share your experiences and learn more about MAGIX software.,Login | MAGIX Community,,,200,
exact,Mama,,,https://mama.ru/members/UTTP,45,"Портал MAMA.ru: Беременность, роды, новорожденный, здоровье детей, мир женщин, форум - Читай сайт о материнстве - mama.ru",,,,,200,
exact,Mathhelpplanet,,,http://mathhelpplanet.com/search.php?keywords=&terms=all&author=UTTP,45,FASTPANEL,,Why am I seeing this page?,,,200,
exact,Maxpark,,,https://maxpark.com/user/UTTP,45,,,,,,200,
exact,MicrosoftTechNet,,,https://social.technet.microsoft.com/profile/UTTP/,45,Profile | Microsoft Learn,,Profile,,,200,
exact,PRCY,,,https://id.pr-cy.ru/user/profile/UTTP/#/profile,45,PR-CY - вход на сайт,,Вход в сервис,,,200,
exact,Runnersworld,,,https://forums.runnersworld.co.uk/profile/UTTP,45,Runner's World forum is closing,An announcement regarding the Runner's World forum,Runner's World forum is closing,,,200,
exact,Scorcher,,,https://www.glavbukh.ru/forum/member.php/?username=UTTP,45,Telegram: Join Group Chat,Бухгалтерия и налоги	e.glavbukh.ru	👌Здесь каждый день публикуются новости бухгалтерского и налогового мира. 	⚡️Избавьте себя от фэйка&#33;	Админ @marishok96	Реклама @polarightt		Регистрация в перечне ,Журнал &quot;Главбух&quot;,,,200,
exact,Sevportal,,,https://www.sevportal.info/forum/search.php?keywords=&terms=all&author=UTTP,45,СЕВАСТОПОЛЬСКИЙ ФОРУМ - Информация,,,,,200,
exact,VegasCreativeSoftware,,,https://www.vegascreativesoftware.info/us/users/profile/UTTP/,45,Boris FX Forum,"A place for Boris FX users to discuss tips, tricks, and best practices.",Boris FX Forum,,,200,
exact,Wanelo,,,https://wanelo.co/UTTP,45,"Wanelo — Online Store: Home, Fashion, Beauty, Tech & More","Discover a world of unique and stylish products on Wanelo! We offer a wide range of clothing, accessories, household goods, gadgets and more. Buy trending items from the best brands and independent se",Wanelo - The best products from all over the world,158286479538,,200,
exact,WikimapiaProfile,,,http://wikimapia.org/user/UTTP,45,,,,,,200,
exact,Wuz,,,http://wuz.by/forum/members/?username=UTTP,45,SpinBetter Казино и Ставки на Спорт | Официальный сайт,Обзор букмекерской конторы Spinbetter ⚡ Рабочее зеркало СпинБеттер ✓ Зарегистрируйся и получи бонусы на первый депозит,SpinBetter Казино и Ставки на Спорт | Официальный сайт,,,200,
exact,YandexCollections API,,,https://yandex.ru/collections/api/users/UTTP/,45,&#1071;&#1085;&#1076;&#1077;&#1082;&#1089; &#1048;&#1079;&#1073;&#1088;&#1072;&#1085;&#1085;&#1086;&#1077;,,&#1057;&#1077;&#1088;&#1074;&#1080;&#1089; &#1079;&#1072;&#1082;&#1088;&#1099;&#1090;,,,200,
exact,YandexReviews,,,https://reviews.yandex.ru/user/UTTP,45,Отзывы и оценки — Яндекс,,,,,200,
exact,Yumpu,,,https://www.yumpu.com/user/UTTP,45,YUMPU - Publishing digital magazines worldwide,"Yumpu releases magazines, documents and catalogs on the internet. Publish for free. Gain new readers and costumers worldwide.",YUMPU - Publishing digital magazines worldwide,,,200,
exact,authorSTREAM,,,http://www.authorstream.com/author/UTTP/,45,,,,,,200,
exact,banki.ru,,,https://banki.ru/blog/UTTP/,45,,,,,,200,
exact,brainscale.net,,,https://brainscale.net/users/UTTP,45,BrainScale: Dual N-Back Online + Smart Brain Games,"Train your brain with science-backed Dual N-Back, logic games, and real-life mental challenges. Improve memory, focus, and reasoning — all online with BrainScale.",BrainScale: Dual N-Back Online + Smart Brain Games,,,200,
exact,club.cnews.ru,,,https://club.cnews.ru/UTTP,45,Интернет-издание о высоких технологиях - CNews,"CNews – крупнейшее издание в сфере корпоративных информационных технологий в России и странах СНГ. Оперативные новости и аналитические материалы мира высоких технологий: технологические инновации, про",,,,200,
exact,fancy.com,,,https://fancy.com/UTTP,45,Fancy – Coming Soon,,Great things are coming.,,,200,
exact,forum.tudiabetes.org,,,https://forum.tudiabetes.org/u/UTTP,45,TuDiabetes,,,,,200,
exact,forums.penny-arcade.com,,,https://forums.penny-arcade.com/profile/discussions/UTTP,45,'- Penny Arcade,Videogaming-related online strip by Mike Krahulik and Jerry Holkins. Includes news and commentary.,'- Penny Arcade,,,200,
exact,freelance.codeby.net,,,https://freelance.codeby.net/user/UTTP/portfolio/,45,Codeby Academy &#8212; Академия Кодебай это сильнейшая команда по информационной безопасности в России.,"Академия Кодебай — обучение информационной безопасности с нуля: пентест, OSINT, DevSecOps, SOC, реверс-инжиниринг. Практика в собственных лабораториях, документ…",Главная,,,200,
exact,garminych,,,http://forum.garminych.ru/profile.php?mode=viewprofile&u=UTTP,45,forum.garminych.ru ::,,,,,200,
exact,iXBT,,,https://forum.ixbt.com/users.cgi?id=info:UTTP,45,iXBT.com,,,,,200,
exact,mau,,,https://forum.mau.ru/profile.php?mode=viewprofile&u=UTTP,45,CATS- ::,,,,,200,
exact,modelhub.com,,,https://modelhub.com/UTTP/videos,45,"Free Porn Videos &amp; Sex Movies - Porno, XXX, Porn Tube &#124; Pornhub",,,,,200,
exact,social.msdn.microsoft.com,,,https://social.msdn.microsoft.com/profile/UTTP,45,Profile | Microsoft Learn,,Profile,,,200,
exact,162nord.org,,,https://UTTP.162nord.org,45,,,,,,200,
exact,Anibox,,,https://UTTP.www.anibox.org,45,,,,,,200,
exact,NotebookReview,,,http://forum.notebookreview.com/members/UTTP/,45,TechnologyGuide | Informa TechTarget,"Thank you for visiting the TechnologyGuide network. Unfortunately, these forums are no longer active. We extend a heartfelt thank you to the entire community for their steadfast support—it is really y",TechnologyGuide,,,200,
exact,Pro-cats,,,https://UTTP.pro-cats.ru,45,"BC Game Casino - официальный сайт, регистрация и 300% бонус","🎰 Казино BCgame - это более 4500 игр, 300% бонус и 225 фриспинов в подарок! Быстрые выплаты и безопасность гарантированы!","BC Game Casino - официальный сайт, регистрация и 300% бонус",,,200,
exact,Stalker-zone,,,https://UTTP.stalker-zone.info,45,stalker-zone.info Auction,,This domain is on auction,,,200,
exact,VirtualIreland,,,https://www.virtualireland.ru/members/UTTP.html,45,VirtualIreland.ru -,,,,,200,
exact,XSS.is,,,https://xss.is/members/UTTP/,45,Вход | XSS.is (ex DaMaGeLaB),,,,,200,
exact,akforum.ru,,,https://akforum.ru/memberlist.php?mode=viewprofile&u=UTTP,45,Making sure you&#39;re not a bot!,,Making sure you&#39;re not a bot!,,,200,
exact,amax-sb.ru,,,https://UTTP.amax-sb.ru,45,КУШ казино: зеркало официального сайта KUSH casino,,,,,200,
exact,animal-hope.ru,,,https://UTTP.animal-hope.ru,45,Драгон Мани (Dragon Money) - Официальный сайт,,,,,200,
exact,bbs.boingboing.net,,,https://bbs.boingboing.net/u/UTTP/summary,45,Boing Boing | Substack,"A Directory of Mostly Wonderful Things. Click to read Boing Boing, a Substack publication with tens of thousands of subscribers.",Boing Boing | Substack,,,200,
exact,club.passion.ru,,,http://club.passion.ru/memberlist.php?mode=viewprofile&u=UTTP,45,Auth-controller,,,,,200,
exact,community.sweatco.in,,,https://community.sweatco.in/u/UTTP/summary,45,Sweatcoin: Ein gesünderer Planet und mehr Gesundheit und Reichtum für dich selbst,"Schließe dich unseren über 170 Mio. Nutzern an und werde Teil der Movement-Ökonomie. Die Sweatcoin-App wandelt deine Schritte in Sweatcoins um – eine virtuelle Währung, die du für Produkte und Dienstl",Sweatcoin: Ein gesünderer Planet und mehr Gesundheit und Reichtum für dich selbst,,,200,
exact,dapf.ru,,,https://dapf.ru/members/UTTP/,45,Проверка безопасности | DDoS Guard,,,,,200,
exact,espero-club.ru,,,https://UTTP.espero-club.ru,45,"Блог &quot;Будьте Здоровы!&quot; - Блог о здоровье, мире красоты и психологии человека.","Блог о здоровье, мире красоты и психологии человека.",Блог &quot;Будьте Здоровы!&quot;,,,200,
exact,forum.balletfriends.ru,,,http://forum.balletfriends.ru/memberlist.php?mode=username&username=UTTP,45,'-,"balletfriends.ru:  , ,       .",,,,200,
exact,forum.c-o-k.com.ua,,,https://forum.c-o-k.com.ua/memberlist.php?mode=viewprofile&u=UTTP,45,Вход &bull; Форум Журнала С.О.К. Сантехника Отопление Кондиционирование,,,,,200,
exact,forum.heroesworld.ru,,,https://forum.heroesworld.ru/members/UTTP.html,45,Heroes World,,,,,200,
exact,forum.newlcn.com,,,http://forum.newlcn.com/memberlist.php?mode=username&username=UTTP,45,:: Memberlist :: LCN :: Cossacks game League,,,,,200,
exact,forum.rmnt.ru,,,https://forum.rmnt.ru/members/UTTP/,45,",     Rmnt.ru",,'+news.title+',,,200,
exact,forum.virtualsoccer.ru,,,https://forum.virtualsoccer.ru/memberlist.php?mode=viewprofile&u=UTTP,45,Форум - Виртуальная Футбольная Лига - футбольный менеджер &bull; Информация,,,,,200,
exact,grand-magic.ru,,,https://UTTP.grand-magic.ru,45,,,,,,200,
exact,induste.com,,,https://induste.com/members/UTTP/,45,,,,,,200,
exact,kadroviku.ru,,,https://UTTP.kadroviku.ru,45,"Гизбо Казино рабочее зеркало официального сайта Gizbo Casino, играть в игровые автоматы",,"Гизбо Казино - лицензионное онлайн казино, рабочее зеркало Gizbo Casino",,,200,
exact,kashanya.com,,,https://UTTP.kashanya.com,45,kashanya.com,,kashanya.com,,,200,
exact,lampoviedushi.hammarlund.ru,,,http://lampoviedushi.hammarlund.ru/memberlist.php?username=UTTP,45,Ламповые души &bull; Информация,,Ламповые души,,,200,
exact,lubuntu.ru,,,https://lubuntu.ru/memberlist.php?mode=viewprofile&u=UTTP,45,Jetton казино Россия – Регистрация и вход в казино Джетон,Казино Jetton Games Вход для игроков из России – регистрация и игра на реальные деньги. Онлайн-казино на блокчейне TON! Приветственный бонус 🤑,Jetton казино Россия – Регистрация и вход в казино Джетон,,,200,
exact,mkr-rodniki.ru,,,https://UTTP.mkr-rodniki.ru,45,"Ярд казино (Yard Casino) — официальный сайт и рабочее зеркало, регистрация ⏩",,,,,200,
exact,moto-arena.ru,,,https://moto-arena.ru/memberlist.php?mode=viewprofile&u=UTTP,45,Домен продается. Купить в магазине доменов Руцентр,,,,,200,
exact,personagra-ta.ru,,,https://UTTP.personagra-ta.ru,45,Monro Casino — рабочее зеркало и бонусы для игроков | Казино Монро,,Онлайн-платформа Монро Казино: официальный сайт и рабочее зеркало,,,200,
exact,rodobozhie.ru,,,https://UTTP.rodobozhie.ru,45,Vodka Casino — лучшее онлайн казино с бонусными слотами | Водка Казино,,,,,200,
exact,safesurvival.net,,,https://www.safesurvival.net/members/UTTP/,45,Safe Survival - Minecraft Server,,,,,200,
exact,sanatatur.ru,,,http://sanatatur.ru/forum/memberlist.php?mode=viewprofile&u=UTTP,45,Вход &bull; На Севере,,,,,200,
exact,siava.ru,,,https://siava.ru/forum/memberlist.php?mode=viewprofile&u=UTTP,45,Making sure you&#39;re not a bot!,,Making sure you&#39;re not a bot!,,,200,
exact,sms.portalsms.ru,,,https://UTTP.sms.portalsms.ru,45,"СМС поздравления, прикольные и любовные СМС",,"СМС поздравления, прикольные и любовные СМС",,,200,
exact,soslujivzi.ru,,,https://UTTP.soslujivzi.ru,45,Дэдди Казино - Вход через VPN/Зеркало Daddy Casino,,Дэдди Казино: вход в Daddy Casino через VPN и актуальное зеркало,,,200,
exact,xn--90aybfeg.xn--p1ai,,,https://UTTP.xn--90aybfeg.xn--p1ai,45,обрспн.рф,,обрспн.рф,,,200,
exact,Snippet.Host,,,https://snippet.host/UTTP,45,please wait - snippet.host,,snippet.host,,,200,
exact,PrivateBin,,,https://privatebin.net/?pasteid=UTTP,45,PrivateBin,"Visit this link to see the note. Giving the URL to anyone allows them to access the note, too.",PrivateBin,,,200,
exact,Neko.bin,,,https://nekobin.com/UTTP,45,nekobin,"Paste, save and share the link of your text content using a sleek and intuitive interface!",Nekobin.com &mdash; Elegant and open-source pastebin service,,,200,
similarity,Deezer,,Utti,https://deezer.com/Utti,38,Utti on Deezer,,,6094892541,,200,Utti
exact,ghisler.ch,,,https://ghisler.ch/board/memberlist.php?mode=viewprofile&u=UTTP,35,,,,,,204,
similarity,Deezer,,Utop,https://deezer.com/Utop,29,Utop on Deezer,,,6677555723,,200,Utop
